warehouse_id,prd_id,stock_qty,reorder_level,last_stock_date
WH006,SKU10577,945,244,06/16/2026
WH002,SKU10539,570,298,12/15/2024
WH004,SKU10298,521,189,11/16/2024
WH008,SKU10060,588,258,03/09/2024
WH002,SKU10597,415,236,12/17/2024
WH004,SKU10095,950,252,08/07/2024
WH003,SKU10061,600,134,12/19/2024
WH002,SKU10247,636,165,07/13/2024
WH004,SKU10565,892,275,07/15/2024
WH005,SKU10480,-3,146,01/05/2026
WH001,SKU10216,315,189,04/19/2025
WH002,SKU10273,832,199,11/25/2025
WH007,SKU10037,91,71,07/30/2025
WH003,SKU10163,326,26,06/22/2025
WH003,SKU10403,159,214,04/11/2025
WH006,SKU10253,712,242,01/22/2025
WH006,SKU10588,843,183,09/19/2024
WH008,SKU10268,260,204,06/08/2026
WH002,SKU10509,685,38,02/13/2025
WH007,SKU10437,759,67,06/03/2026
WH006,SKU10305,905,226,02/07/2026
WH001,SKU10522,927,197,08/25/2025
WH008,SKU10523,452,75,04/22/2026
WH003,SKU10193,74,187,10/19/2025
WH004,SKU10168,743,29,03/26/2026
WH007,SKU10426,542,240,03/07/2026
WH005,SKU10017,456,27,10/07/2025
WH003,SKU10421,538,254,12/23/2025
WH003,SKU10262,642,82,03/28/2026
WH006,SKU10461,282,90,08/12/2024
WH002,SKU10079,324,279,05/26/2026
WH004,SKU10346,338,248,05/18/2025
WH006,SKU10322,490,114,05/02/2024
WH008,SKU10009,674,70,05/31/2024
WH007,SKU10315,37,50,01/20/2026
WH003,SKU10394,289,130,03/20/2026
WH002,SKU10244,726,182,10/16/2025
WH008,SKU10368,25,157,10/15/2025
WH005,SKU10196,794,271,05/15/2026
WH004,SKU10367,768,245,09/06/2026
WH008,SKU10147,315,92,04/11/2026
WH006,SKU10169,623,272,05/16/2024
WH004,SKU10043,487,149,03/13/2026
WH002,SKU10059,246,24,05/25/2025
WH001,SKU10081,145,258,03/09/2026
WH005,SKU10114,961,226,12/25/2025
WH001,SKU10432,858,119,11/08/2025
WH003,SKU10130,897,265,05/17/2026
WH006,SKU10214,136,273,05/31/2024
WH001,SKU10105,964,287,05/03/2026
WH008,SKU10255,624,275,12/13/2024
WH004,SKU10147,509,95,07/20/2024
WH007,SKU10198,338,176,12/21/2025
WH002,SKU10042,231,68,09/09/2026
WH004,SKU10303,321,210,03/28/2024
WH008,SKU10162,169,159,09/08/2026
WH006,SKU10391,788,266,12/08/2024
WH007,SKU10599,948,272,08/27/2026
WH006,SKU10292,966,109,02/19/2024
WH006,SKU10307,890,108,09/05/2025
WH003,SKU10499,127,28,06/18/2025
WH004,SKU10207,739,161,04/11/2026
WH001,SKU10085,857,127,04/16/2025
WH003,SKU10433,508,298,03/17/2024
WH001,SKU10390,555,248,07/02/2024
WH003,SKU10282,381,147,09/12/2024
WH006,SKU10233,821,178,05/21/2026
WH002,SKU10018,701,195,04/01/2024
WH004,SKU10335,627,272,04/19/2026
WH005,SKU10329,4,298,05/20/2025
WH002,SKU10310,960,137,07/19/2025
WH007,SKU10183,521,122,08/22/2026
WH007,SKU10092,955,219,02/06/2026
WH002,SKU10343,677,96,10/11/2025
WH001,SKU10373,518,59,04/04/2026
WH001,SKU10104,752,99,04/06/2025
WH003,SKU10073,242,108,07/20/2026
WH002,SKU10290,448,192,03/03/2026
WH001,SKU10029,20,225,09/03/2026
WH004,SKU10117,743,65,07/04/2025
WH005,SKU10382,320,32,10/04/2025
WH001,SKU10180,91,66,04/02/2025
WH005,SKU10277,795,275,07/14/2026
WH004,SKU10413,229,92,09/21/2025
WH002,SKU10107,219,167,06/07/2024
WH001,SKU10137,140,171,05/26/2025
WH007,SKU10179,601,97,05/13/2024
WH001,SKU10251,336,256,10/03/2025
WH002,SKU10336,568,38,11/30/2025
WH006,SKU10044,340,168,03/13/2026
WH006,SKU10285,752,135,06/02/2024
WH008,SKU10413,370,239,04/07/2025
WH001,SKU10511,791,75,12/20/2024
WH002,SKU10324,463,288,02/19/2025
WH006,SKU10376,9,241,07/28/2026
WH002,SKU10489,433,227,07/12/2025
WH004,SKU10437,241,158,03/19/2025
WH003,SKU10322,487,199,06/23/2026
WH007,SKU10340,120,78,06/15/2025
WH007,SKU10597,751,22,02/26/2025
WH007,SKU10455,622,228,06/24/2025
WH005,SKU10145,137,145,04/27/2026
WH004,SKU10273,978,118,03/28/2025
WH005,SKU10446,347,95,09/09/2025
WH001,SKU10314,205,193,06/27/2024
WH005,SKU10260,-5,163,01/13/2024
WH003,SKU10366,242,209,03/08/2024
WH008,SKU10226,23,286,04/21/2025
WH002,SKU10407,480,253,12/19/2025
WH001,SKU10439,604,109,07/29/2024
WH008,SKU10539,366,87,08/01/2026
WH002,SKU10574,875,65,05/30/2024
WH005,SKU10427,965,179,11/27/2025
WH004,SKU10454,302,251,08/22/2024
WH003,SKU10464,635,90,02/29/2024
WH004,SKU10199,398,297,12/13/2025
WH006,SKU10550,270,140,06/02/2025
WH001,SKU10306,205,238,09/19/2025
WH006,SKU10521,519,103,07/30/2026
WH008,SKU10131,138,58,06/20/2025
WH003,SKU10187,670,163,04/21/2026
WH006,SKU10373,883,174,05/10/2025
WH008,SKU10348,364,153,12/15/2024
WH008,SKU10242,569,133,01/24/2025
WH006,SKU10133,975,201,12/10/2024
WH008,SKU10137,703,197,06/05/2026
WH007,SKU10437,400,62,05/26/2025
WH005,SKU10013,881,207,07/21/2026
WH002,SKU10072,37,113,09/08/2024
WH007,SKU10556,586,245,02/03/2026
WH003,SKU10588,248,159,04/25/2024
WH006,SKU10048,176,87,10/15/2024
WH006,SKU10086,514,70,02/03/2024
WH003,SKU10198,711,290,07/02/2026
WH007,SKU10352,736,221,10/25/2024
WH006,SKU10115,746,80,03/30/2026
WH006,SKU10590,285,160,03/01/2025
WH008,SKU10297,411,54,05/04/2024
WH003,SKU10323,108,253,12/09/2024
WH007,SKU10117,614,252,12/07/2024
WH001,SKU10185,802,244,05/23/2025
WH006,SKU10442,481,149,11/23/2024
WH002,SKU10380,309,66,11/07/2025
WH002,SKU10135,329,157,12/31/2025
WH002,SKU10265,648,162,06/04/2024
WH007,SKU10112,670,109,06/07/2025
WH003,SKU10245,473,125,08/01/2025
WH004,SKU10131,243,32,09/23/2024
WH003,SKU10588,407,166,02/10/2026
WH005,SKU10179,324,74,08/18/2024
WH008,SKU10285,93,255,05/21/2026
WH006,SKU10386,402,233,04/02/2025
WH001,SKU10025,848,189,01/01/2025
WH005,SKU10126,612,82,10/27/2025
WH001,SKU10594,129,207,09/11/2025
WH002,SKU10419,851,297,05/23/2025
WH002,SKU10146,209,196,11/17/2025
WH006,SKU10259,612,240,09/18/2024
WH008,SKU10515,565,272,03/19/2026
WH002,SKU10119,724,257,09/11/2025
WH008,SKU10180,765,65,07/31/2024
WH003,SKU10145,289,264,09/25/2026
WH003,SKU10399,776,234,05/15/2026
WH002,SKU10317,585,221,06/25/2024
WH001,SKU10301,346,83,02/23/2026
WH005,SKU10228,99,150,06/12/2025
WH004,SKU10197,566,273,02/08/2026
WH001,SKU10309,460,276,01/10/2025
WH005,SKU10480,467,52,09/01/2024
WH003,SKU10488,688,139,08/06/2024
WH004,SKU10471,707,189,03/07/2024
WH008,SKU10028,175,46,05/25/2026
WH004,SKU10295,292,88,11/08/2024
WH004,SKU10237,901,187,08/15/2026
WH006,SKU10562,591,203,08/13/2024
WH008,SKU10250,414,49,12/16/2024
WH006,SKU10149,972,138,05/28/2026
WH004,SKU10151,669,203,12/13/2024
WH003,SKU10117,848,297,01/28/2026
WH002,SKU10266,467,299,04/01/2024
WH001,SKU10159,159,106,08/12/2026
WH007,SKU10340,730,209,09/09/2025
WH006,SKU10139,815,174,01/20/2026
WH003,SKU10351,582,78,01/27/2024
WH008,SKU10370,430,162,08/22/2026
WH008,SKU10402,118,58,05/11/2025
WH005,SKU10530,241,53,07/30/2024
WH003,SKU10047,924,119,06/01/2024
WH005,SKU10032,164,93,03/28/2024
WH007,SKU10277,658,60,11/03/2025
WH005,SKU10310,661,34,07/31/2024
WH004,SKU10455,469,179,07/17/2026
WH005,SKU10137,996,21,08/15/2024
WH007,SKU10274,674,239,03/29/2024
WH004,SKU10367,966,40,05/02/2026
WH002,SKU10394,257,204,02/16/2026
WH005,SKU10326,739,61,06/02/2025
WH006,SKU10355,767,192,04/10/2026
WH008,SKU10099,918,59,12/26/2025
WH001,SKU10279,408,141,06/25/2024
WH008,SKU10325,328,204,02/19/2025
WH007,SKU10048,804,68,07/11/2026
WH006,SKU10582,717,57,11/09/2025
WH002,SKU10380,270,198,09/12/2025
WH002,SKU10431,301,199,06/26/2024
WH004,SKU10321,789,137,06/18/2025
WH002,SKU10559,567,54,06/14/2024
WH006,SKU10004,906,105,11/02/2025
WH007,SKU10575,628,80,08/10/2024
WH004,SKU10125,980,204,10/15/2024
WH006,SKU10531,324,104,07/27/2025
WH007,SKU10037,775,125,01/26/2024
WH008,SKU10188,186,93,11/30/2025
WH006,SKU10343,702,67,03/18/2025
WH002,SKU10395,414,247,05/27/2025
WH002,SKU10010,517,155,01/13/2026
WH008,SKU10216,806,179,02/09/2026
WH007,SKU10506,101,100,07/07/2026
WH007,SKU10110,219,44,06/28/2024
WH004,SKU10569,557,225,03/06/2025
WH002,SKU10427,411,222,04/05/2024
WH005,SKU10586,561,33,09/20/2024
WH006,SKU10542,427,268,07/05/2025
WH002,SKU10136,60,258,05/11/2024
WH004,SKU10565,936,257,03/21/2025
WH004,SKU10298,689,149,07/24/2026
WH003,SKU10156,608,214,03/11/2024
WH007,SKU10535,144,24,08/18/2024
WH004,SKU10283,193,187,10/09/2024
WH008,SKU10413,594,57,06/30/2026
WH001,SKU10367,47,274,01/04/2026
WH008,SKU10180,469,284,07/02/2024
WH006,SKU10590,888,62,12/01/2025
WH006,SKU10501,874,170,01/19/2024
WH003,SKU10318,512,185,03/09/2026
WH001,SKU10345,228,235,08/12/2024
WH002,SKU10042,69,156,12/12/2025
WH004,SKU10438,167,267,05/07/2025
WH003,SKU10546,277,116,01/03/2026
WH002,SKU10582,548,109,12/14/2024
WH001,SKU10336,724,224,06/14/2025
WH006,SKU10599,457,173,06/26/2026
WH006,SKU10479,825,42,03/13/2026
WH002,SKU10303,157,202,06/29/2025
WH007,SKU10481,420,98,07/11/2026
WH008,SKU10094,611,255,04/27/2024
WH008,SKU10406,49,254,12/01/2025
WH002,SKU10372,905,137,09/17/2025
WH004,SKU10296,995,258,09/13/2024
WH001,SKU10387,738,286,01/23/2025
WH001,SKU10512,701,224,02/09/2025
WH007,SKU10344,205,189,11/09/2025
WH008,SKU10228,178,281,09/16/2025
WH002,SKU10254,234,264,02/25/2026
WH004,SKU10341,130,153,10/19/2025
WH001,SKU10349,555,43,09/12/2026
WH007,SKU10189,957,188,04/09/2026
WH005,SKU10321,675,149,07/30/2025
WH003,SKU10173,880,122,01/19/2024
WH008,SKU10567,978,70,01/01/2025
WH002,SKU10321,660,220,05/07/2024
WH003,SKU10503,100,275,03/09/2025
WH006,SKU10228,930,187,09/20/2026
WH004,SKU10237,544,85,02/06/2025
WH006,SKU10174,545,20,03/28/2026
WH002,SKU10343,987,219,03/26/2025
WH006,SKU10370,682,64,07/30/2025
WH005,SKU10340,106,37,01/31/2024
WH001,SKU10503,763,75,11/18/2025
WH003,SKU10307,972,76,09/04/2024
WH003,SKU10493,233,115,04/05/2025
WH005,SKU10035,459,109,09/14/2026
WH004,SKU10217,99,75,08/11/2024
WH004,SKU10428,715,238,07/17/2026
WH002,SKU10231,138,251,04/08/2026
WH008,SKU10439,422,90,02/18/2024
WH006,SKU10356,648,123,01/04/2025
WH006,SKU10291,840,248,09/06/2026
WH003,SKU10335,316,286,03/30/2025
WH006,SKU10541,908,240,03/02/2026
WH002,SKU10408,19,174,07/07/2026
WH004,SKU10591,162,297,01/03/2024
WH003,SKU10058,114,223,01/01/2026
WH003,SKU10488,745,209,07/02/2026
WH006,SKU10535,358,28,07/31/2025
WH003,SKU10557,15,198,08/18/2026
WH006,SKU10324,787,100,11/30/2025
WH005,SKU10293,273,188,09/20/2025
WH008,SKU10351,680,180,05/03/2024
WH002,SKU10549,550,50,02/27/2026
WH008,SKU10521,107,149,05/05/2026
WH002,SKU10562,601,163,11/28/2024
WH005,SKU10582,860,33,06/07/2024
WH003,SKU10375,362,258,07/26/2025
WH007,SKU10156,832,282,07/27/2026
WH002,SKU10091,266,25,01/01/2026
WH003,SKU10539,279,53,03/21/2026
WH002,SKU10092,167,55,07/15/2025
WH008,SKU10043,207,143,02/21/2025
WH005,SKU10284,235,188,10/31/2024
WH002,SKU10446,647,87,03/18/2026
WH007,SKU10442,125,257,10/11/2025
WH003,SKU10153,542,106,01/17/2026
WH002,SKU10301,257,106,04/18/2026
WH004,SKU10537,142,184,09/06/2026
WH007,SKU10480,820,264,04/16/2026
WH007,SKU10551,537,89,03/22/2025
WH001,SKU10462,283,114,05/12/2024
WH008,SKU10055,636,114,07/13/2025
WH008,SKU10123,907,150,03/21/2025
WH003,SKU10102,279,140,07/24/2026
WH005,SKU10080,241,286,02/08/2024
WH004,SKU10516,681,61,05/06/2026
WH004,SKU10424,489,136,09/24/2025
WH006,SKU10549,672,91,03/11/2024
WH006,SKU10193,163,187,08/30/2024
WH004,SKU10588,932,238,03/03/2024
WH004,SKU10559,12,281,07/19/2026
WH004,SKU10064,270,142,10/06/2025
WH004,SKU10522,623,94,09/10/2025
WH001,SKU10067,517,289,06/04/2025
WH003,SKU10271,334,45,02/04/2025
WH006,SKU10109,976,56,06/20/2024
WH008,SKU10349,341,288,01/01/2026
WH007,SKU10011,676,268,05/11/2024
WH007,SKU10509,404,176,07/26/2024
WH007,SKU10286,437,112,09/03/2026
WH005,SKU10523,776,290,04/01/2024
WH006,SKU10261,350,288,08/08/2026
WH007,SKU10335,396,262,03/28/2024
WH002,SKU10443,780,236,05/01/2025
WH002,SKU10584,81,186,08/05/2025
WH003,SKU10225,429,124,04/23/2024
WH005,SKU10313,275,151,06/07/2026
WH007,SKU10195,479,171,08/15/2026
WH004,SKU10025,574,154,08/10/2024
WH008,SKU10524,426,261,08/09/2024
WH003,SKU10338,993,66,01/30/2026
WH004,SKU10224,912,43,01/06/2025
WH008,SKU10467,138,146,02/07/2024
WH002,SKU10492,641,77,01/20/2026
WH007,SKU10591,320,250,12/19/2024
WH002,SKU10263,713,257,02/11/2025
WH008,SKU10064,483,296,10/15/2025
WH003,SKU10292,953,128,07/31/2025
WH006,SKU10265,944,288,04/06/2026
WH006,SKU10125,51,48,03/08/2026
WH004,SKU10352,103,289,08/01/2026
WH005,SKU10249,17,88,07/07/2026
WH007,SKU10529,792,25,09/24/2025
WH008,SKU10029,224,251,07/10/2025
WH001,SKU10430,721,164,04/07/2025
WH004,SKU10362,328,135,10/26/2025
WH007,SKU10139,302,76,03/01/2024
WH005,SKU10212,602,136,02/06/2025
WH001,SKU10516,772,192,10/02/2024
WH002,SKU10219,564,60,07/10/2025
WH007,SKU10399,572,284,07/12/2026
WH004,SKU10308,735,222,04/25/2025
WH006,SKU10538,167,265,08/05/2025
WH008,SKU10397,589,32,02/06/2025
WH001,SKU10501,282,262,12/08/2024
WH004,SKU10543,150,262,11/12/2025
WH002,SKU10078,324,122,09/05/2024
WH007,SKU10501,188,179,05/29/2026
WH004,SKU10577,319,160,04/23/2024
WH008,SKU10022,18,251,08/10/2024
WH003,SKU10273,745,98,01/21/2026
WH002,SKU10153,345,277,03/23/2024
WH007,SKU10590,658,175,02/16/2025
WH005,SKU10212,748,20,01/12/2025
WH002,SKU10113,818,104,07/25/2026
WH006,SKU10058,73,59,06/07/2024
WH004,SKU10476,508,246,03/30/2025
WH001,SKU10036,413,134,04/04/2025
WH003,SKU10183,347,150,03/29/2026
WH007,SKU10333,805,118,06/24/2025
WH002,SKU10027,63,216,05/10/2024
WH003,SKU10105,306,298,05/20/2026
WH003,SKU10597,793,264,05/30/2024
WH006,SKU10275,391,297,11/25/2025
WH007,SKU10183,70,103,09/30/2024
WH007,SKU10522,169,206,05/01/2024
WH006,SKU10049,297,194,07/10/2024
WH001,SKU10159,244,104,08/02/2026
WH008,SKU10517,667,256,09/03/2026
WH002,SKU10452,167,277,08/23/2025
WH004,SKU10260,762,286,03/19/2026
WH007,SKU10589,308,296,06/21/2026
WH002,SKU10346,63,65,12/14/2024
WH002,SKU10448,6,61,01/27/2026
WH001,SKU10591,605,210,06/03/2025
WH003,SKU10303,733,223,06/22/2024
WH004,SKU10289,132,141,06/17/2025
WH004,SKU10399,305,65,02/15/2024
WH001,SKU10041,756,99,08/30/2025
WH002,SKU10258,867,55,09/17/2024
WH001,SKU10415,728,64,04/13/2024
WH002,SKU10228,615,72,12/06/2025
WH005,SKU10427,746,183,12/14/2024
WH001,SKU10242,293,163,03/23/2025
WH002,SKU10117,59,113,03/26/2024
WH005,SKU10088,562,171,03/20/2024
WH005,SKU10328,557,207,07/08/2026
WH008,SKU10117,802,47,08/22/2025
WH005,SKU10222,237,98,02/07/2025
WH008,SKU10312,888,76,10/27/2025
WH006,SKU10030,493,20,12/28/2025
WH005,SKU10253,439,52,04/23/2024
WH004,SKU10187,989,234,07/09/2026
WH001,SKU10189,541,265,10/17/2025
WH006,SKU10546,85,65,11/05/2024
WH008,SKU10555,249,234,09/25/2024
WH003,SKU10181,592,90,03/28/2024
WH003,SKU10529,226,59,09/13/2024
WH001,SKU10134,160,85,12/02/2024
WH005,SKU10209,293,277,08/01/2024
WH003,SKU10565,507,115,11/01/2025
WH001,SKU10061,88,227,09/09/2024
WH001,SKU10230,518,155,05/14/2025
WH003,SKU10484,725,142,07/12/2025
WH004,SKU10565,453,247,03/15/2024
WH004,SKU10570,692,297,06/17/2024
WH006,SKU10529,637,202,03/11/2024
WH005,SKU10579,493,257,11/21/2025
WH007,SKU10283,974,60,11/30/2025
WH003,SKU10194,609,272,05/09/2024
WH002,SKU10231,804,71,01/06/2026
WH005,SKU10073,639,73,03/22/2026
WH001,SKU10083,958,257,04/19/2024
WH007,SKU10585,428,155,04/26/2024
WH002,SKU10115,185,89,03/05/2026
WH008,SKU10370,177,27,11/04/2024
WH008,SKU10140,993,81,12/11/2024
WH005,SKU10399,797,250,08/11/2025
WH003,SKU10283,301,20,03/09/2024
WH003,SKU10064,444,277,03/13/2025
WH004,SKU10224,29,236,11/29/2024
WH004,SKU10439,952,77,04/02/2026
WH001,SKU10481,433,226,12/31/2025
WH002,SKU10174,381,165,10/13/2024
WH007,SKU10179,242,117,10/17/2025
WH001,SKU10438,77,161,02/06/2025
WH004,SKU10255,760,22,04/26/2025
WH008,SKU10043,218,266,01/05/2026
WH001,SKU10074,82,239,10/06/2024
WH008,SKU10225,978,70,08/01/2025
WH004,SKU10163,545,47,02/21/2025
WH004,SKU10072,72,138,10/12/2025
WH006,SKU10470,285,148,01/16/2025
WH007,SKU10276,551,236,07/24/2026
WH004,SKU10425,202,255,01/25/2025
WH001,SKU10002,989,37,04/19/2024
WH008,SKU10242,875,88,05/04/2025
WH001,SKU10287,885,184,08/26/2024
WH007,SKU10347,513,126,03/31/2025
WH004,SKU10581,988,297,07/09/2026
WH005,SKU10276,322,205,04/12/2024
WH007,SKU10294,553,110,02/12/2024
WH008,SKU10538,744,208,10/17/2024
WH002,SKU10240,502,140,03/11/2025
WH007,SKU10237,852,149,05/09/2024
WH006,SKU10096,99,220,11/26/2025
WH003,SKU10434,439,141,08/25/2025
WH004,SKU10012,829,215,12/02/2025
WH007,SKU10132,178,137,02/26/2025
WH002,SKU10251,381,186,07/19/2026
WH005,SKU10261,994,156,11/02/2025
WH006,SKU10024,611,180,07/09/2026
WH005,SKU10318,355,117,03/28/2024
WH004,SKU10584,359,53,10/29/2025
WH005,SKU10063,201,91,12/10/2024
WH005,SKU10297,733,119,07/11/2024
WH007,SKU10353,98,108,06/29/2024
WH007,SKU10195,204,137,07/15/2024
WH008,SKU10345,119,153,04/02/2024
WH001,SKU10205,752,90,03/30/2025
WH003,SKU10096,942,126,02/12/2026
WH008,SKU10505,82,99,04/08/2025
WH006,SKU10600,946,183,05/10/2024
WH004,SKU10232,915,153,12/08/2025
WH006,SKU10056,505,196,06/23/2024
WH004,SKU10099,32,140,05/18/2026
WH008,SKU10538,690,298,01/01/2025
WH005,SKU10529,522,155,01/02/2024
WH004,SKU10295,831,192,10/19/2024
WH005,SKU10523,291,143,04/12/2026
WH002,SKU10134,555,225,07/08/2026
WH007,SKU10241,891,176,02/25/2025
WH002,SKU10068,665,47,09/15/2026
WH001,SKU10327,644,224,08/19/2024
WH001,SKU10420,966,232,02/26/2025
WH001,SKU10577,487,132,04/03/2025
WH001,SKU10453,168,162,07/20/2024
WH001,SKU10399,976,23,01/18/2025
WH003,SKU10405,134,262,05/13/2025
WH008,SKU10378,548,238,11/30/2025
WH001,SKU10252,751,291,05/10/2025
WH006,SKU10301,786,187,04/13/2024
WH007,SKU10104,701,84,04/11/2025
WH007,SKU10013,422,101,04/28/2026
WH003,SKU10474,181,280,01/21/2024
WH001,SKU10298,33,32,09/25/2026
WH003,SKU10523,298,208,05/08/2024
WH005,SKU10074,971,39,01/10/2024
WH007,SKU10236,683,226,05/21/2024
WH002,SKU10155,403,182,09/07/2024
WH003,SKU10505,491,152,12/17/2024
WH005,SKU10227,330,216,04/09/2026
WH006,SKU10382,892,119,08/03/2025
WH003,SKU10051,450,180,09/30/2025
WH007,SKU10317,836,244,05/27/2026
WH007,SKU10265,46,148,05/11/2024
WH003,SKU10367,484,26,08/11/2024
WH005,SKU10352,600,298,08/26/2026
WH004,SKU10065,665,171,02/10/2026
WH006,SKU10031,18,140,02/29/2024
WH003,SKU10076,641,40,08/14/2024
WH003,SKU10131,838,45,01/08/2025
WH004,SKU10437,87,91,02/02/2024
WH002,SKU10162,327,278,08/05/2025
WH005,SKU10582,422,223,10/11/2025
WH008,SKU10053,250,135,12/01/2024
WH003,SKU10305,437,231,08/02/2024
WH007,SKU10430,892,129,03/01/2025
WH004,SKU10033,896,268,07/08/2026
WH002,SKU10309,599,111,12/19/2025
WH004,SKU10041,884,220,07/22/2026
WH004,SKU10474,814,142,07/06/2025
WH001,SKU10281,52,208,04/15/2024
WH004,SKU10519,383,72,02/29/2024
WH002,SKU10395,844,284,07/13/2024
WH007,SKU10191,439,100,06/05/2025
WH005,SKU10093,609,170,07/29/2024
WH003,SKU10095,409,212,11/13/2024
WH001,SKU10020,11,203,06/30/2026
WH005,SKU10181,562,175,02/13/2024
WH006,SKU10438,378,263,03/19/2024
WH004,SKU10213,772,291,01/24/2025
WH008,SKU10088,887,233,01/21/2026
WH002,SKU10049,100,71,04/03/2026
WH007,SKU10263,355,235,10/14/2024
WH004,SKU10126,389,160,10/17/2024
WH003,SKU10441,674,170,08/05/2025
WH003,SKU10203,393,283,05/15/2026
WH004,SKU10076,563,167,06/26/2024
WH001,SKU10164,907,258,06/11/2026
WH006,SKU10266,587,201,03/17/2026
WH004,SKU10023,93,44,09/24/2024
WH006,SKU10067,478,216,11/01/2025
WH005,SKU10577,885,158,09/20/2025
WH008,SKU10209,479,172,01/22/2024
WH001,SKU10449,982,104,02/05/2025
WH004,SKU10548,902,71,08/25/2024
WH005,SKU10069,260,228,03/09/2024
WH002,SKU10412,410,89,04/11/2025
WH006,SKU10500,181,46,12/03/2025
WH003,SKU10014,187,158,06/15/2025
WH007,SKU10187,364,219,03/29/2024
WH008,SKU10081,416,77,04/07/2026
WH007,SKU10020,347,121,03/11/2024
WH006,SKU10177,731,138,01/21/2025
WH006,SKU10110,147,278,07/22/2025
WH007,SKU10538,472,61,07/15/2026
WH008,SKU10143,888,277,01/23/2026
WH006,SKU10449,730,60,07/12/2024
WH008,SKU10031,200,181,03/03/2025
WH008,SKU10371,235,256,05/07/2026
WH002,SKU10417,925,273,09/04/2024
WH005,SKU10092,580,171,06/23/2026
WH003,SKU10259,879,158,06/17/2025
WH008,SKU10558,863,238,09/18/2025
WH006,SKU10369,438,274,10/24/2025
WH008,SKU10485,526,23,08/25/2026
WH003,SKU10255,365,93,11/18/2025
WH007,SKU10144,635,99,02/14/2025
WH001,SKU10282,647,253,08/13/2025
WH008,SKU10243,677,24,11/30/2025
WH002,SKU10590,860,55,08/21/2025
WH005,SKU10258,738,20,01/11/2024
WH006,SKU10377,97,286,06/20/2026
WH006,SKU10353,347,28,10/01/2024
WH002,SKU10223,567,94,10/12/2025
WH005,SKU10225,624,166,07/20/2025
WH005,SKU10507,863,117,04/30/2024
WH007,SKU10127,413,45,05/25/2026
WH003,SKU10250,820,135,03/24/2024
WH007,SKU10401,387,243,08/10/2026
WH005,SKU10034,141,100,07/10/2026
WH007,SKU10407,472,164,08/02/2025
WH008,SKU10500,144,151,08/12/2026
WH004,SKU10266,404,88,05/05/2026
WH004,SKU10350,238,20,06/18/2026
WH007,SKU10292,20,254,03/10/2026
WH007,SKU10400,661,298,07/18/2026
WH008,SKU10031,740,162,02/12/2026
WH005,SKU10371,127,252,05/30/2026
WH006,SKU10274,582,118,04/21/2024
WH001,SKU10022,499,284,03/02/2025
WH004,SKU10481,133,179,04/23/2025
WH002,SKU10092,606,244,06/28/2026
WH007,SKU10355,257,208,05/01/2025
WH001,SKU10511,821,278,03/15/2025
WH007,SKU10553,609,176,02/26/2026
WH007,SKU10377,107,257,10/12/2025
WH004,SKU10430,515,281,08/09/2025
WH006,SKU10351,112,232,07/02/2026
WH005,SKU10467,722,119,03/30/2026
WH006,SKU10586,293,45,12/12/2025
WH006,SKU10276,486,134,08/14/2026
WH003,SKU10248,694,213,02/18/2024
WH006,SKU10105,843,260,07/08/2025
WH008,SKU10588,509,235,02/01/2024
WH003,SKU10548,72,198,03/02/2026
WH003,SKU10424,255,170,05/07/2024
WH003,SKU10396,611,290,07/14/2025
WH008,SKU10123,37,88,02/21/2026
WH008,SKU10546,368,241,09/17/2025
WH003,SKU10035,320,174,02/28/2024
WH008,SKU10371,303,163,04/21/2025
WH007,SKU10153,953,131,02/18/2026
WH004,SKU10273,943,197,08/17/2026
WH007,SKU10058,896,299,06/17/2026
WH008,SKU10081,863,133,03/28/2026
WH007,SKU10227,892,51,11/02/2024
WH004,SKU10239,179,55,01/21/2026
WH002,SKU10529,390,69,06/15/2024
WH002,SKU10359,52,133,11/25/2024
WH007,SKU10019,796,21,10/10/2024
WH006,SKU10559,866,98,04/30/2025
WH006,SKU10367,24,214,05/25/2026
WH001,SKU10498,165,209,05/12/2026
WH008,SKU10555,164,207,06/11/2026
WH001,SKU10308,927,207,07/25/2026
WH005,SKU10108,789,41,01/29/2024
WH008,SKU10269,273,282,09/24/2026
WH002,SKU10413,40,103,05/27/2026
WH005,SKU10020,408,42,01/04/2026
WH007,SKU10568,582,247,03/21/2024
WH003,SKU10211,40,150,12/31/2025
WH001,SKU10396,466,117,11/06/2025
WH004,SKU10589,535,131,04/03/2024
WH007,SKU10520,981,183,07/20/2024
WH005,SKU10445,184,167,01/21/2026
WH004,SKU10180,179,23,06/16/2024
WH006,SKU10315,428,53,12/12/2024
WH001,SKU10301,316,285,08/31/2025
WH003,SKU10518,919,157,05/14/2026
WH008,SKU10024,785,296,10/11/2024
WH004,SKU10014,248,203,01/12/2024
WH008,SKU10071,331,226,05/01/2026
WH005,SKU10575,633,107,07/23/2026
WH008,SKU10325,870,254,05/04/2026
WH006,SKU10420,197,202,04/28/2025
WH004,SKU10057,292,230,12/21/2025
WH008,SKU10008,607,94,05/07/2024
WH003,SKU10391,859,184,09/29/2025
WH004,SKU10424,285,123,08/23/2025
WH006,SKU10257,464,274,09/27/2025
WH007,SKU10050,679,274,11/23/2025
WH002,SKU10294,422,118,06/08/2026
WH008,SKU10384,769,27,02/18/2026
WH004,SKU10129,512,89,02/06/2024
WH003,SKU10181,880,96,12/02/2025
WH002,SKU10449,605,25,12/30/2025
WH001,SKU10128,918,282,07/07/2025
WH005,SKU10060,858,150,09/15/2025
WH005,SKU10377,237,61,03/22/2024
WH001,SKU10014,896,190,09/18/2024
WH008,SKU10261,124,131,05/12/2026
WH005,SKU10342,279,68,01/03/2024
WH001,SKU10039,43,147,09/10/2026
WH007,SKU10392,99,187,08/10/2024
WH002,SKU10494,718,202,02/17/2026
WH006,SKU10585,106,83,08/07/2024
WH006,SKU10160,182,191,02/04/2024
WH007,SKU10197,405,241,08/27/2025
WH007,SKU10371,799,195,01/25/2026
WH008,SKU10360,809,286,03/26/2024
WH001,SKU10366,964,283,09/26/2024
WH003,SKU10189,50,158,10/31/2024
WH003,SKU10034,143,129,08/20/2026
WH004,SKU10015,395,148,11/06/2024
WH002,SKU10599,279,157,03/04/2024
WH002,SKU10244,92,68,09/12/2026
WH008,SKU10269,521,289,04/02/2024
WH008,SKU10376,466,179,05/02/2025
WH006,SKU10124,427,55,06/30/2024
WH005,SKU10230,17,272,09/09/2024
WH004,SKU10263,423,285,01/23/2026
WH006,SKU10057,455,177,05/16/2024
WH007,SKU10362,213,285,10/13/2025
WH004,SKU10117,793,291,07/20/2025
WH005,SKU10002,888,286,12/28/2025
WH008,SKU10373,928,289,06/09/2024
WH008,SKU10181,679,38,12/19/2024
WH002,SKU10431,674,28,01/04/2024
WH002,SKU10322,149,181,05/29/2026
WH002,SKU10018,391,229,09/16/2026
WH001,SKU10417,-1,254,03/22/2025
WH006,SKU10025,557,199,06/13/2025
WH004,SKU10188,761,107,05/14/2024
WH001,SKU10412,667,281,05/26/2026
WH002,SKU10243,10,185,02/06/2026
WH005,SKU10231,554,210,04/24/2024
WH007,SKU10133,879,91,06/13/2025
WH006,SKU10267,97,232,06/20/2024
WH005,SKU10176,527,56,08/16/2025
WH002,SKU10568,246,263,10/18/2025
WH003,SKU10413,929,258,01/20/2025
WH007,SKU10546,548,211,03/17/2025
WH007,SKU10203,770,294,12/11/2025
WH007,SKU10571,522,274,06/04/2024
WH005,SKU10168,893,39,02/05/2024
WH003,SKU10186,283,81,02/20/2025
WH005,SKU10180,742,53,05/06/2025
WH008,SKU10354,426,109,10/13/2024
WH002,SKU10368,574,184,03/03/2025
WH007,SKU10039,684,60,04/12/2024
WH008,SKU10337,168,44,01/16/2026
WH007,SKU10572,867,200,02/05/2026
WH006,SKU10245,726,196,09/22/2024
WH004,SKU10420,406,122,10/13/2025
WH007,SKU10380,590,221,08/21/2024
WH002,SKU10588,661,185,01/30/2025
WH007,SKU10386,451,136,11/15/2024
WH004,SKU10283,633,39,08/28/2026
WH005,SKU10008,556,231,04/25/2025
WH004,SKU10483,778,194,09/24/2025
WH001,SKU10204,228,51,07/28/2024
WH008,SKU10555,-1,72,07/16/2026
WH006,SKU10147,401,104,11/15/2025
WH005,SKU10263,823,70,04/15/2024
WH001,SKU10498,119,246,11/27/2024
WH007,SKU10092,860,281,05/20/2025
WH008,SKU10166,406,44,02/25/2025
WH007,SKU10476,204,87,03/11/2026
WH002,SKU10191,464,99,07/11/2025
WH002,SKU10575,810,297,07/11/2025
WH003,SKU10323,857,193,01/11/2025
WH001,SKU10496,611,287,04/24/2026
WH005,SKU10329,524,89,12/02/2025
WH004,SKU10028,805,38,12/06/2025
WH005,SKU10487,908,154,10/18/2025
WH008,SKU10252,794,248,10/26/2025
WH006,SKU10233,967,254,01/26/2026
WH004,SKU10442,830,152,08/22/2024
WH007,SKU10169,44,95,06/07/2025
WH003,SKU10257,14,33,05/11/2024
WH007,SKU10365,595,142,01/02/2025
WH008,SKU10356,956,170,10/18/2024
WH008,SKU10437,295,25,07/20/2024
WH005,SKU10050,966,281,07/01/2025
WH004,SKU10596,850,218,03/12/2025
WH004,SKU10365,136,111,03/30/2025
WH005,SKU10371,491,119,05/23/2026
WH008,SKU10530,217,119,12/27/2024
WH007,SKU10295,73,260,05/01/2024
WH005,SKU10019,689,222,03/02/2026
WH003,SKU10080,211,44,08/03/2024
WH004,SKU10569,557,105,08/31/2026
WH002,SKU10593,672,239,10/27/2025
WH002,SKU10051,429,119,09/12/2024
WH001,SKU10411,75,247,07/28/2025
WH007,SKU10397,64,162,07/21/2026
WH006,SKU10100,375,237,07/05/2026
WH002,SKU10473,37,167,01/31/2025
WH006,SKU10276,870,225,01/30/2024
WH002,SKU10139,162,140,03/20/2024
WH003,SKU10337,24,86,05/28/2026
WH003,SKU10544,135,266,10/23/2025
WH002,SKU10131,694,136,12/26/2025
WH006,SKU10372,586,22,12/22/2025
WH001,SKU10440,673,128,02/14/2026
WH004,SKU10376,343,135,05/23/2025
WH004,SKU10391,317,87,01/13/2025
WH005,SKU10436,670,265,08/23/2024
WH002,SKU10141,108,157,11/03/2024
WH004,SKU10061,391,123,01/20/2026
WH007,SKU10594,97,215,01/15/2024
WH003,SKU10192,421,199,05/25/2024
WH008,SKU10570,969,154,02/26/2026
WH004,SKU10162,849,292,10/10/2025
WH007,SKU10160,675,292,06/10/2024
WH001,SKU10015,655,153,02/06/2024
WH007,SKU10266,372,218,08/14/2024
WH004,SKU10567,703,34,04/28/2024
WH008,SKU10537,832,143,10/03/2024
WH006,SKU10183,557,143,04/13/2026
WH006,SKU10244,98,133,05/19/2026
WH002,SKU10402,692,255,10/13/2024
WH005,SKU10573,122,183,10/14/2024
WH006,SKU10363,320,151,04/06/2026
WH007,SKU10121,193,140,03/01/2025
WH004,SKU10214,45,193,08/01/2024
WH005,SKU10435,762,82,01/17/2026
WH002,SKU10015,643,88,05/05/2025
WH004,SKU10360,405,165,06/11/2026
WH004,SKU10462,378,109,05/27/2026
WH001,SKU10208,640,208,03/02/2026
WH008,SKU10324,529,272,08/30/2026
WH006,SKU10431,228,120,06/19/2025
WH002,SKU10358,477,181,07/01/2025
WH008,SKU10015,776,99,01/03/2024
WH006,SKU10352,550,242,06/17/2024
WH006,SKU10139,800,80,06/06/2024
WH008,SKU10444,505,166,07/10/2026
WH004,SKU10157,410,121,09/10/2024
WH003,SKU10587,740,234,09/14/2025
WH005,SKU10071,205,88,02/17/2025
WH008,SKU10535,624,76,02/03/2026
WH007,SKU10021,628,233,12/28/2024
WH007,SKU10410,273,175,07/26/2026
WH007,SKU10212,252,198,05/29/2025
WH001,SKU10118,79,242,08/31/2024
WH004,SKU10131,144,100,02/16/2025
WH003,SKU10024,90,87,12/31/2024
WH003,SKU10080,613,297,12/27/2025
WH007,SKU10236,117,51,11/19/2024
WH004,SKU10095,510,200,02/22/2024
WH007,SKU10581,106,128,02/22/2026
WH008,SKU10496,782,59,09/21/2026
WH004,SKU10284,675,286,09/07/2024
WH002,SKU10057,288,252,04/23/2026
WH006,SKU10592,733,82,02/09/2024
WH007,SKU10435,221,231,11/30/2024
WH004,SKU10110,633,234,01/12/2024
WH002,SKU10033,638,160,01/31/2025
WH005,SKU10372,433,287,09/01/2025
WH008,SKU10025,699,85,08/21/2026
WH005,SKU10369,947,40,04/20/2026
WH004,SKU10266,410,247,07/24/2026
WH004,SKU10529,279,120,10/14/2025
WH006,SKU10230,439,54,01/28/2025
WH003,SKU10269,565,291,06/25/2026
WH006,SKU10328,119,137,02/29/2024
WH008,SKU10590,959,262,03/26/2026
WH007,SKU10422,466,248,09/14/2026
WH008,SKU10402,963,104,01/23/2024
WH007,SKU10186,961,244,10/15/2025
WH007,SKU10290,59,151,05/25/2026
WH001,SKU10117,109,196,11/24/2025
WH003,SKU10235,177,100,09/02/2026
WH003,SKU10494,565,22,10/01/2024
WH007,SKU10060,350,73,09/30/2025
WH002,SKU10100,13,113,03/29/2026
WH008,SKU10352,562,173,03/10/2024
WH006,SKU10480,322,258,07/11/2025
WH001,SKU10586,842,69,08/18/2026
WH006,SKU10353,759,221,04/15/2025
WH003,SKU10395,843,229,03/26/2026
WH003,SKU10174,564,246,01/11/2026
WH008,SKU10246,694,248,09/26/2024
WH007,SKU10189,76,37,01/06/2025
WH007,SKU10066,758,80,05/05/2025
WH003,SKU10223,449,283,03/05/2025
WH006,SKU10131,-1,197,08/18/2025
WH003,SKU10355,74,84,10/14/2025
WH005,SKU10453,304,298,02/17/2025
WH004,SKU10588,370,113,10/01/2025
WH005,SKU10529,204,100,10/21/2025
WH006,SKU10191,767,255,08/29/2026
WH003,SKU10564,444,288,03/27/2026
WH001,SKU10566,254,133,07/16/2025
WH001,SKU10303,672,200,06/25/2024
WH008,SKU10124,450,200,11/16/2024
WH008,SKU10467,777,83,11/27/2024
WH006,SKU10068,497,174,10/14/2024
WH001,SKU10217,748,35,08/04/2026
WH005,SKU10320,852,262,06/18/2025
WH004,SKU10519,74,251,09/16/2026
WH002,SKU10586,117,63,04/29/2024
WH004,SKU10491,729,190,12/13/2025
WH007,SKU10291,548,47,08/11/2025
WH008,SKU10051,236,44,02/01/2026
WH007,SKU10480,25,197,01/25/2025
WH002,SKU10515,955,243,06/03/2025
WH005,SKU10284,88,256,12/17/2024
WH005,SKU10333,459,112,11/27/2025
WH003,SKU10511,216,278,07/11/2024
WH004,SKU10080,392,171,10/22/2025
WH004,SKU10488,718,131,05/10/2025
WH001,SKU10308,506,116,03/08/2026
WH004,SKU10412,36,225,02/07/2024
WH003,SKU10115,82,123,07/01/2024
WH003,SKU10370,944,129,08/30/2025
WH005,SKU10161,248,128,01/08/2025
WH006,SKU10311,424,109,10/12/2024
WH001,SKU10315,784,131,07/21/2026
WH003,SKU10575,837,26,06/24/2026
WH001,SKU10403,280,264,04/01/2024
WH007,SKU10335,217,90,06/10/2025
WH008,SKU10242,434,145,10/28/2025
WH004,SKU10203,334,67,02/19/2026
WH008,SKU10392,699,170,07/21/2024
WH006,SKU10530,725,95,05/01/2026
WH007,SKU10344,256,67,10/17/2025
WH008,SKU10397,376,100,05/28/2026
WH005,SKU10197,729,273,11/11/2025
WH004,SKU10335,505,260,05/20/2026
WH006,SKU10344,548,241,01/30/2024
WH002,SKU10410,808,76,08/13/2024
WH003,SKU10190,650,201,06/16/2025
WH005,SKU10210,649,249,10/30/2024
WH002,SKU10216,479,201,07/16/2024
WH004,SKU10253,835,260,12/08/2025
WH007,SKU10176,18,76,09/19/2026
WH007,SKU10118,81,149,06/21/2025
WH008,SKU10301,674,112,08/31/2025
WH007,SKU10514,606,222,09/01/2025
WH003,SKU10020,276,55,02/20/2025
WH006,SKU10400,599,109,11/08/2025
WH003,SKU10490,102,216,03/17/2026
WH008,SKU10495,605,24,04/24/2024
WH002,SKU10512,358,91,10/02/2024
WH003,SKU10191,586,218,06/17/2024
WH008,SKU10061,337,87,03/03/2026
WH002,SKU10598,722,189,09/29/2025
WH005,SKU10420,107,132,11/02/2025
WH003,SKU10215,843,149,09/17/2025
WH003,SKU10512,492,120,06/16/2025
WH006,SKU10213,225,271,03/28/2026
WH007,SKU10450,961,221,06/06/2024
WH002,SKU10577,100,223,11/24/2025
WH008,SKU10461,534,241,04/14/2026
WH001,SKU10394,69,139,07/26/2024
WH001,SKU10115,899,48,12/10/2025
WH008,SKU10561,154,34,03/11/2024
WH001,SKU10256,248,154,06/12/2024
WH003,SKU10374,654,265,01/26/2025
WH001,SKU10368,884,155,09/26/2026
WH002,SKU10148,413,295,01/06/2025
WH001,SKU10362,256,166,03/04/2025
WH003,SKU10235,346,197,02/06/2026
WH003,SKU10210,917,41,03/09/2026
WH002,SKU10516,909,235,11/02/2025
WH006,SKU10434,118,268,01/31/2024
WH001,SKU10294,899,161,05/22/2026
WH004,SKU10012,840,273,09/17/2024
WH003,SKU10426,536,86,05/19/2025
WH006,SKU10443,251,156,01/01/2026
WH003,SKU10100,455,275,10/15/2024
WH004,SKU10455,774,189,11/16/2025
WH007,SKU10240,266,212,05/19/2025
WH002,SKU10440,340,132,06/05/2024
WH004,SKU10504,457,173,08/03/2024
WH005,SKU10421,62,124,02/01/2026
WH006,SKU10565,407,210,03/01/2024
WH005,SKU10046,129,35,01/16/2025
WH006,SKU10195,1,163,05/14/2025
WH007,SKU10036,384,280,01/18/2025
WH007,SKU10104,757,36,02/17/2025
WH005,SKU10225,982,146,08/29/2026
WH008,SKU10015,435,204,02/02/2024
WH001,SKU10238,752,43,09/08/2026
WH004,SKU10077,218,21,12/22/2025
WH007,SKU10068,634,66,07/06/2026
WH001,SKU10502,664,81,10/06/2025
WH007,SKU10447,328,266,08/01/2026
WH001,SKU10274,444,63,03/14/2024
WH007,SKU10341,668,199,12/19/2025
WH002,SKU10175,310,115,12/11/2025
WH006,SKU10292,601,169,07/20/2026
WH007,SKU10466,226,274,03/23/2024
WH007,SKU10313,533,260,05/23/2025
WH005,SKU10477,54,42,06/01/2025
WH008,SKU10291,443,44,04/04/2024
WH002,SKU10218,500,120,09/14/2025
WH002,SKU10537,826,246,04/25/2025
WH002,SKU10541,372,232,05/13/2025
WH006,SKU10138,1,193,11/13/2025
WH008,SKU10278,35,261,01/17/2026
WH008,SKU10464,537,71,10/24/2025
WH005,SKU10157,811,226,01/20/2025
WH002,SKU10450,889,291,08/21/2026
WH002,SKU10540,807,290,07/31/2024
WH006,SKU10142,336,219,12/05/2024
WH008,SKU10092,487,214,05/01/2025
WH008,SKU10567,887,82,11/08/2024
WH006,SKU10598,838,228,12/08/2024
WH008,SKU10516,451,89,07/16/2026
WH004,SKU10368,478,138,05/31/2024
WH002,SKU10052,64,52,05/26/2025
WH004,SKU10550,164,104,04/16/2025
WH001,SKU10120,526,41,03/27/2024
WH006,SKU10108,515,149,07/20/2024
WH003,SKU10431,572,40,09/29/2024
WH003,SKU10234,309,235,04/15/2025
WH001,SKU10521,223,203,02/20/2025
WH008,SKU10524,449,202,08/15/2025
WH004,SKU10484,878,216,01/11/2025
WH007,SKU10503,970,236,02/21/2026
WH005,SKU10328,47,209,01/01/2025
WH006,SKU10524,352,195,05/03/2026
WH004,SKU10550,518,71,09/26/2026
WH006,SKU10169,211,225,10/30/2025
WH002,SKU10256,350,156,04/11/2024
WH008,SKU10371,124,63,06/12/2026
WH004,SKU10516,461,154,03/27/2026
WH001,SKU10234,883,110,07/11/2025
WH008,SKU10157,928,75,12/05/2024
WH001,SKU10193,10,177,12/11/2025
WH004,SKU10480,634,270,09/07/2025
WH007,SKU10313,906,24,02/09/2026
WH003,SKU10153,766,57,10/07/2025
WH002,SKU10430,57,275,04/04/2026
WH002,SKU10397,386,213,08/25/2026
WH006,SKU10312,751,87,01/21/2026
WH005,SKU10372,979,123,11/13/2024
WH005,SKU10139,290,44,06/21/2026
WH005,SKU10110,279,256,04/06/2026
WH003,SKU10485,246,205,04/17/2025
WH008,SKU10409,894,85,02/29/2024
WH002,SKU10587,175,74,08/11/2026
WH007,SKU10564,362,213,06/24/2025
WH007,SKU10218,130,177,02/04/2025
WH001,SKU10278,939,229,08/30/2025
WH002,SKU10510,61,89,03/11/2024
WH005,SKU10003,504,298,04/05/2026
WH002,SKU10519,150,66,07/01/2024
WH007,SKU10101,404,69,09/14/2024
WH004,SKU10157,586,225,07/12/2025
WH007,SKU10290,696,178,10/26/2025
WH001,SKU10424,567,128,01/15/2024
WH001,SKU10213,424,226,08/04/2025
WH006,SKU10564,277,180,06/06/2024
WH007,SKU10470,801,132,08/12/2026
WH008,SKU10444,678,80,01/09/2025
WH007,SKU10464,670,220,05/05/2025
WH006,SKU10019,768,174,09/16/2025
WH001,SKU10494,216,270,06/05/2024
WH005,SKU10363,980,137,06/14/2024
WH006,SKU10112,919,94,08/17/2026
WH004,SKU10468,436,34,07/28/2025
WH008,SKU10064,199,95,08/14/2024
WH008,SKU10371,371,223,10/25/2025
WH007,SKU10342,385,100,06/11/2026
WH008,SKU10018,973,174,02/02/2026
WH005,SKU10225,285,80,02/04/2025
WH007,SKU10073,941,279,10/22/2025
WH001,SKU10568,227,272,06/14/2026
WH002,SKU10481,926,246,09/07/2024
WH006,SKU10598,929,225,03/01/2026
WH001,SKU10293,606,179,09/24/2026
WH007,SKU10198,103,22,12/11/2024
WH002,SKU10575,615,32,06/07/2026
WH003,SKU10185,910,144,01/23/2024
WH003,SKU10249,927,230,01/08/2025
WH005,SKU10081,454,56,10/03/2024
WH001,SKU10494,477,173,01/30/2024
WH007,SKU10072,381,287,08/25/2025
WH008,SKU10022,209,253,06/12/2025
WH006,SKU10500,651,174,01/14/2025
WH002,SKU10505,985,181,05/15/2026
WH003,SKU10513,263,37,09/05/2024
WH002,SKU10516,841,20,04/01/2026
WH005,SKU10086,91,108,09/27/2025
WH008,SKU10218,51,248,06/16/2026
WH008,SKU10460,900,21,01/07/2024
WH008,SKU10186,108,243,08/27/2026
WH006,SKU10467,411,92,01/03/2024
WH002,SKU10546,881,47,12/14/2025
WH004,SKU10577,345,46,01/22/2026
WH003,SKU10467,297,211,06/11/2024
WH001,SKU10479,35,32,02/05/2024
WH007,SKU10359,694,167,02/06/2024
WH005,SKU10047,316,281,05/09/2024
WH008,SKU10262,113,185,05/31/2024
WH007,SKU10572,472,113,08/25/2026
WH006,SKU10548,166,269,07/20/2024
WH001,SKU10144,848,40,03/16/2026
WH004,SKU10449,746,89,03/02/2024
WH004,SKU10185,979,67,10/16/2025
WH006,SKU10251,979,23,03/29/2025
WH005,SKU10390,836,287,06/24/2025
WH007,SKU10299,499,78,02/22/2026
WH001,SKU10363,166,40,07/28/2024
WH001,SKU10060,38,276,01/05/2024
WH008,SKU10179,87,289,08/08/2024
WH004,SKU10487,230,79,03/14/2026
WH007,SKU10372,882,132,08/14/2025
WH007,SKU10506,208,208,07/14/2026
WH001,SKU10580,88,139,04/14/2026
WH006,SKU10214,934,241,05/31/2024
WH002,SKU10159,432,89,02/27/2024
WH002,SKU10186,416,247,01/22/2024
WH002,SKU10344,298,176,07/08/2024
WH007,SKU10152,947,22,04/24/2025
WH001,SKU10235,344,193,01/17/2024
WH006,SKU10105,858,22,05/18/2026
WH004,SKU10232,992,256,04/23/2025
WH003,SKU10569,448,296,01/06/2026
WH002,SKU10255,699,63,05/22/2026
WH003,SKU10456,19,167,02/04/2024
WH003,SKU10259,780,114,03/09/2025
WH003,SKU10261,972,37,11/04/2025
WH005,SKU10396,191,209,09/23/2026
WH008,SKU10067,5,27,03/28/2026
WH004,SKU10214,39,26,08/04/2024
WH002,SKU10084,855,247,09/28/2024
WH005,SKU10120,240,99,03/10/2026
WH007,SKU10426,410,273,10/15/2025
WH005,SKU10105,332,186,09/06/2024
WH005,SKU10122,297,166,05/08/2025
WH006,SKU10344,161,134,07/17/2026
WH008,SKU10209,405,124,07/24/2024
WH001,SKU10074,923,82,11/25/2024
WH008,SKU10575,353,216,06/20/2026
WH008,SKU10554,800,189,11/03/2025
WH008,SKU10349,687,26,08/11/2024
WH004,SKU10315,796,110,10/14/2024
WH007,SKU10486,570,271,04/20/2026
WH001,SKU10585,368,157,10/07/2024
WH004,SKU10063,253,91,12/02/2025
WH008,SKU10059,276,84,05/10/2025
WH003,SKU10199,525,73,08/08/2024
WH007,SKU10183,401,261,01/03/2025
WH003,SKU10538,401,107,12/12/2025
WH005,SKU10305,365,103,03/13/2026
WH006,SKU10487,920,37,01/27/2024
WH008,SKU10401,641,269,06/24/2026
WH003,SKU10435,891,129,08/24/2024
WH007,SKU10574,927,217,10/10/2025
WH004,SKU10353,615,220,10/12/2024
WH004,SKU10466,87,118,09/24/2024
WH001,SKU10162,965,159,06/08/2026
WH001,SKU10156,475,48,12/01/2025
WH007,SKU10352,372,207,07/04/2026
WH001,SKU10541,410,208,01/21/2024
WH001,SKU10031,83,79,09/27/2024
WH002,SKU10301,662,74,02/18/2024
WH003,SKU10122,42,131,04/19/2025
WH002,SKU10531,719,213,04/06/2025
WH005,SKU10311,832,165,09/08/2026
WH007,SKU10026,419,37,08/18/2024
WH005,SKU10002,380,180,10/27/2025
WH006,SKU10384,671,217,09/21/2026
WH008,SKU10140,859,72,03/10/2024
WH008,SKU10025,91,144,03/21/2025
WH006,SKU10092,456,246,01/26/2025
WH001,SKU10093,319,110,01/27/2024
WH007,SKU10208,6,45,02/25/2025
WH007,SKU10431,3,279,09/10/2024
WH003,SKU10516,526,47,11/02/2024
WH002,SKU10320,762,37,07/31/2024
WH002,SKU10569,592,89,06/03/2025
WH003,SKU10475,245,230,02/02/2025
WH006,SKU10100,448,203,01/06/2026
WH008,SKU10442,965,85,12/19/2024
WH002,SKU10139,837,41,11/22/2025
WH004,SKU10578,115,287,06/11/2025
WH007,SKU10509,642,22,12/17/2024
WH001,SKU10039,622,278,04/03/2026
WH008,SKU10104,361,152,01/06/2026
WH001,SKU10265,361,74,06/09/2025
WH003,SKU10445,717,117,06/18/2025
WH001,SKU10332,934,106,02/02/2026
WH007,SKU10052,316,63,02/08/2026
WH004,SKU10378,926,140,12/13/2025
WH004,SKU10389,837,203,04/23/2024
WH005,SKU10558,47,152,08/18/2024
WH003,SKU10160,276,199,02/08/2025
WH007,SKU10023,438,291,07/29/2025
WH004,SKU10450,664,54,01/29/2025
WH007,SKU10422,222,226,04/08/2026
WH006,SKU10312,412,84,12/17/2024
WH006,SKU10416,88,25,06/28/2025
WH008,SKU10108,96,122,11/29/2025
WH005,SKU10076,432,130,01/12/2025
WH003,SKU10242,627,297,07/11/2025
WH006,SKU10537,449,116,12/27/2025
WH006,SKU10309,379,235,01/20/2025
WH004,SKU10384,495,281,08/28/2026
WH003,SKU10598,632,114,06/20/2025
WH008,SKU10182,712,70,02/25/2026
WH003,SKU10289,537,290,12/05/2025
WH001,SKU10412,87,148,03/25/2026
WH006,SKU10091,36,147,11/06/2025
WH001,SKU10242,339,224,06/22/2025
WH007,SKU10334,201,126,01/30/2026
WH007,SKU10183,534,171,04/11/2025
WH006,SKU10133,698,284,05/01/2026
WH002,SKU10263,248,33,05/16/2025
WH008,SKU10528,464,226,01/09/2026
WH001,SKU10250,214,131,07/25/2024
WH001,SKU10501,463,173,06/29/2024
WH003,SKU10406,374,274,07/18/2025
WH005,SKU10078,-3,188,04/26/2026
WH006,SKU10549,663,137,01/03/2026
WH003,SKU10354,299,292,11/28/2024
WH008,SKU10342,746,189,05/05/2026
WH007,SKU10418,667,62,10/27/2025
WH002,SKU10026,191,44,07/10/2025
WH001,SKU10151,886,117,09/17/2026
WH006,SKU10477,17,221,02/18/2026
WH002,SKU10376,571,137,10/21/2024
WH003,SKU10234,801,67,03/06/2024
WH007,SKU10278,538,295,09/27/2024
WH002,SKU10372,555,75,06/25/2024
WH003,SKU10290,467,43,07/01/2024
WH008,SKU10275,55,126,06/06/2025
WH006,SKU10331,676,51,09/11/2026
WH005,SKU10169,952,185,10/11/2025
WH008,SKU10343,797,141,03/02/2025
WH007,SKU10416,54,279,09/05/2024
WH004,SKU10426,216,67,02/22/2026
WH006,SKU10373,831,95,07/02/2025
WH005,SKU10272,712,211,02/19/2024
WH003,SKU10394,363,215,04/11/2025
WH008,SKU10434,240,120,06/29/2024
WH005,SKU10187,459,278,05/13/2025
WH006,SKU10292,26,256,03/04/2024
WH004,SKU10407,85,191,08/01/2024
WH002,SKU10398,70,229,03/26/2026
WH001,SKU10298,824,170,06/18/2024
WH007,SKU10158,41,151,04/16/2024
WH005,SKU10547,550,172,08/08/2024
WH005,SKU10326,276,256,07/12/2026
WH001,SKU10325,755,24,08/06/2026
WH007,SKU10281,122,48,10/25/2025
WH003,SKU10457,909,152,02/19/2026
WH005,SKU10182,80,182,06/28/2026
WH003,SKU10563,845,70,10/22/2024
WH002,SKU10038,143,189,02/12/2025
WH002,SKU10008,24,26,01/28/2024
WH007,SKU10307,33,88,06/09/2025
WH001,SKU10516,779,148,07/14/2026
WH001,SKU10006,340,33,01/28/2024
WH003,SKU10408,413,197,12/12/2025
WH008,SKU10234,821,169,04/10/2025
WH006,SKU10014,257,178,08/23/2026
WH007,SKU10223,551,163,08/13/2025
WH002,SKU10388,295,213,02/09/2025
WH008,SKU10381,60,203,04/10/2024
WH001,SKU10510,993,204,07/14/2025
WH001,SKU10593,371,79,09/08/2026
WH004,SKU10033,846,212,01/13/2024
WH004,SKU10515,426,70,01/05/2024
WH003,SKU10006,866,25,06/09/2026
WH002,SKU10586,168,293,09/24/2024
WH003,SKU10465,537,70,08/30/2025
WH003,SKU10571,369,51,09/07/2025
WH005,SKU10041,992,104,04/25/2025
WH003,SKU10045,333,299,05/12/2025
WH002,SKU10592,770,261,11/18/2025
WH005,SKU10170,491,221,08/27/2024
WH005,SKU10229,397,72,06/28/2024
WH004,SKU10179,695,196,09/13/2026
WH001,SKU10095,642,253,01/09/2024
WH008,SKU10043,476,115,07/07/2024
WH005,SKU10082,50,92,12/30/2025
WH003,SKU10508,69,262,07/22/2025
WH006,SKU10017,596,56,11/18/2024
WH004,SKU10538,50,274,04/25/2024
WH002,SKU10133,603,154,01/01/2025
WH006,SKU10363,887,222,02/26/2024
WH001,SKU10155,788,124,07/07/2025
WH003,SKU10535,693,218,05/02/2025
WH006,SKU10025,269,278,07/08/2026
WH006,SKU10429,655,158,03/15/2026
WH008,SKU10561,179,79,04/14/2025
WH006,SKU10265,912,41,06/15/2025
WH002,SKU10271,85,279,11/20/2025
WH006,SKU10090,539,299,10/20/2024
WH007,SKU10528,483,202,08/23/2025
WH006,SKU10576,69,24,01/17/2024
WH006,SKU10298,182,267,07/27/2026
WH007,SKU10416,712,158,07/29/2026
WH005,SKU10455,593,85,06/08/2026
WH008,SKU10213,158,122,07/30/2024
WH006,SKU10003,136,283,02/27/2026
WH001,SKU10078,664,237,07/28/2025
WH002,SKU10539,658,187,09/10/2026
WH004,SKU10480,397,226,01/16/2024
WH004,SKU10057,15,257,02/01/2025
WH007,SKU10482,23,195,04/07/2024
WH006,SKU10530,146,107,08/04/2026
WH001,SKU10326,50,40,06/19/2024
WH004,SKU10271,554,54,02/08/2024
WH005,SKU10600,389,86,04/22/2024
WH008,SKU10524,213,235,08/23/2026
WH006,SKU10232,592,46,06/14/2025
WH002,SKU10287,702,55,04/17/2024
WH002,SKU10566,166,294,02/01/2025
WH003,SKU10553,623,132,03/01/2025
WH004,SKU10379,102,55,03/12/2026
WH001,SKU10390,597,264,08/07/2024
WH007,SKU10442,373,290,04/26/2024
WH001,SKU10174,105,161,01/19/2026
WH001,SKU10551,803,51,03/07/2025
WH002,SKU10177,178,195,05/04/2024
WH002,SKU10499,782,261,03/04/2025
WH005,SKU10493,362,290,03/02/2025
WH007,SKU10174,682,180,08/18/2024
WH008,SKU10485,705,284,07/19/2024
WH007,SKU10521,422,252,04/05/2024
WH006,SKU10298,665,65,04/20/2026
WH005,SKU10324,439,197,01/11/2024
WH003,SKU10306,604,206,05/23/2025
WH004,SKU10027,222,235,01/19/2024
WH007,SKU10325,422,168,03/15/2026
WH001,SKU10405,132,224,02/02/2025
WH007,SKU10337,412,183,09/08/2026
WH007,SKU10300,10,92,02/24/2024
WH001,SKU10301,406,155,11/28/2024
WH002,SKU10322,859,281,01/29/2025
WH003,SKU10558,358,255,03/09/2024
WH008,SKU10247,493,200,03/13/2025
WH004,SKU10135,855,110,04/04/2025
WH007,SKU10039,-2,76,03/21/2025
WH005,SKU10523,668,99,06/17/2025
WH001,SKU10109,526,105,07/10/2024
WH006,SKU10251,339,289,08/26/2024
WH006,SKU10454,254,169,05/13/2025
WH007,SKU10108,590,129,10/06/2025
WH008,SKU10141,424,266,01/27/2025
WH005,SKU10382,392,123,04/01/2025
WH008,SKU10377,670,243,09/16/2026
WH002,SKU10147,396,199,10/07/2025
WH005,SKU10326,808,104,02/15/2024
WH005,SKU10423,281,289,12/26/2024
WH002,SKU10133,698,212,02/23/2024
WH005,SKU10266,561,297,05/25/2026
WH006,SKU10169,895,20,04/04/2026
WH004,SKU10565,397,98,04/10/2025
WH006,SKU10231,230,113,09/23/2024
WH006,SKU10514,395,208,12/20/2025
WH005,SKU10529,659,255,07/02/2024
WH004,SKU10101,427,54,02/09/2026
WH003,SKU10565,889,62,05/24/2026
WH006,SKU10030,151,208,06/28/2024
WH008,SKU10233,305,118,06/16/2025
WH004,SKU10096,983,215,06/03/2024
WH005,SKU10028,798,20,09/07/2025
WH008,SKU10332,72,166,11/05/2025
WH003,SKU10361,939,26,01/08/2024
WH007,SKU10350,423,286,08/02/2026
WH003,SKU10251,642,60,09/17/2024
WH003,SKU10473,11,69,04/08/2025
WH003,SKU10296,160,48,09/16/2024
WH001,SKU10322,697,81,06/24/2026
WH004,SKU10266,257,157,01/30/2026
WH003,SKU10125,113,192,09/16/2026
WH002,SKU10393,678,272,01/20/2025
WH007,SKU10498,213,265,07/16/2025
WH005,SKU10183,865,43,07/31/2025
WH002,SKU10279,174,139,08/18/2024
WH002,SKU10536,18,263,07/20/2026
WH007,SKU10124,387,66,05/14/2026
WH003,SKU10253,322,207,09/11/2026
WH004,SKU10162,636,139,04/02/2025
WH001,SKU10205,229,67,05/07/2024
WH007,SKU10276,980,37,06/07/2024
WH003,SKU10554,419,101,07/09/2025
WH006,SKU10008,707,20,03/29/2026
WH004,SKU10215,767,74,11/30/2025
WH007,SKU10520,883,173,01/02/2026
WH004,SKU10050,500,241,02/21/2026
WH008,SKU10304,223,161,04/22/2026
WH006,SKU10094,515,223,07/09/2026
WH004,SKU10336,422,40,12/29/2024
WH004,SKU10429,607,105,12/29/2025
WH005,SKU10382,232,204,10/05/2024
WH006,SKU10338,513,35,11/20/2025
WH006,SKU10446,957,183,02/25/2024
WH001,SKU10321,686,67,02/24/2024
WH003,SKU10368,957,137,07/18/2024
WH004,SKU10050,102,196,06/28/2025
WH005,SKU10013,652,296,06/29/2026
WH001,SKU10099,17,45,08/21/2025
WH002,SKU10324,199,174,07/15/2025
WH004,SKU10238,825,170,11/27/2025
WH004,SKU10220,96,37,06/05/2026
WH005,SKU10269,476,191,08/06/2025
WH001,SKU10594,65,41,01/07/2026
WH007,SKU10226,294,212,02/13/2025
WH003,SKU10267,119,78,09/22/2026
WH005,SKU10302,451,55,05/02/2025
WH008,SKU10465,641,40,06/11/2026
WH004,SKU10441,648,148,08/25/2026
WH003,SKU10588,932,86,06/01/2026
WH003,SKU10382,117,149,11/25/2024
WH006,SKU10573,397,270,01/08/2025
WH008,SKU10367,521,253,02/23/2026
WH005,SKU10323,81,230,07/17/2026
WH002,SKU10335,106,151,08/30/2025
WH008,SKU10289,306,51,02/16/2026
WH001,SKU10121,858,133,03/19/2025
WH004,SKU10220,584,26,05/07/2026
WH002,SKU10363,560,54,02/18/2025
WH001,SKU10364,548,104,09/13/2025
WH008,SKU10096,809,214,06/21/2025
WH001,SKU10483,542,240,04/16/2026
WH008,SKU10428,719,193,03/10/2026
WH005,SKU10316,306,92,04/19/2026
WH003,SKU10272,814,220,05/02/2024
WH007,SKU10335,27,299,09/02/2024
WH001,SKU10349,338,203,06/29/2026
WH006,SKU10257,246,233,05/10/2024
WH007,SKU10518,135,265,02/13/2026
WH003,SKU10095,534,220,09/26/2025
WH003,SKU10224,891,265,12/15/2024
WH001,SKU10239,158,102,02/07/2024
WH001,SKU10060,884,106,01/11/2024
WH001,SKU10054,856,68,06/11/2026
WH004,SKU10535,882,71,04/15/2024
WH005,SKU10465,1,174,01/14/2026
WH004,SKU10219,989,279,05/24/2024
WH006,SKU10160,424,82,01/31/2025
WH003,SKU10244,594,219,04/13/2024
WH007,SKU10423,301,41,09/28/2025
WH006,SKU10178,510,291,04/12/2024
WH008,SKU10040,547,167,09/18/2025
WH006,SKU10253,796,159,08/18/2026
WH002,SKU10360,338,120,01/11/2026
WH005,SKU10313,105,289,10/20/2025
WH006,SKU10104,584,137,06/25/2026
WH001,SKU10506,781,54,03/31/2026
WH001,SKU10379,10,177,01/02/2026
WH001,SKU10433,811,185,07/16/2025
WH002,SKU10575,802,228,01/25/2025
WH008,SKU10308,575,159,09/11/2025
WH002,SKU10348,947,98,04/16/2024
WH002,SKU10459,384,20,05/30/2026
WH004,SKU10465,129,296,06/04/2026
WH004,SKU10509,654,74,09/18/2024
WH008,SKU10423,607,118,01/27/2026
WH001,SKU10035,914,62,11/25/2025
WH007,SKU10211,220,85,05/03/2026
WH002,SKU10356,153,37,06/18/2026
WH003,SKU10267,677,115,01/13/2026
WH004,SKU10026,307,285,07/25/2026
WH008,SKU10161,180,82,11/21/2024
WH002,SKU10185,669,290,03/20/2025
WH003,SKU10022,181,197,05/29/2024
WH006,SKU10458,832,269,05/06/2026
WH006,SKU10227,307,193,10/04/2024
WH003,SKU10475,650,296,05/18/2025
WH002,SKU10523,575,174,06/11/2024
WH007,SKU10531,588,252,09/14/2024
WH008,SKU10545,300,30,11/06/2025
WH005,SKU10299,81,281,09/07/2024
WH007,SKU10146,637,25,05/30/2025
WH003,SKU10051,430,75,03/27/2025
WH007,SKU10375,976,226,09/06/2025
WH007,SKU10077,889,91,09/14/2024
WH008,SKU10145,69,31,04/29/2025
WH008,SKU10147,358,261,01/30/2024
WH003,SKU10165,412,163,06/02/2025
WH001,SKU10224,377,154,04/15/2024
WH006,SKU10199,721,108,12/29/2025
WH006,SKU10316,354,220,04/29/2026
WH006,SKU10575,148,108,02/05/2025
WH006,SKU10388,359,177,06/01/2026
WH001,SKU10406,785,56,01/27/2025
WH006,SKU10098,401,105,05/23/2026
WH004,SKU10069,281,27,06/03/2025
WH001,SKU10114,772,99,07/07/2025
WH007,SKU10510,61,126,02/12/2025
WH001,SKU10104,452,229,07/24/2026
WH002,SKU10591,98,250,12/07/2025
WH003,SKU10453,605,168,05/14/2025
WH007,SKU10498,899,279,03/06/2026
WH001,SKU10182,439,120,04/07/2025
WH004,SKU10094,981,158,05/26/2026
WH003,SKU10101,873,192,04/19/2025
WH004,SKU10515,726,69,03/20/2026
WH007,SKU10259,174,137,09/11/2024
WH003,SKU10246,27,271,07/20/2025
WH003,SKU10149,118,153,09/05/2025
WH004,SKU10214,344,280,06/11/2025
WH004,SKU10222,404,209,03/24/2025
WH008,SKU10450,206,67,01/02/2024
WH003,SKU10495,974,148,09/01/2026
WH001,SKU10281,741,122,08/03/2024
WH004,SKU10201,698,285,06/20/2024
WH001,SKU10272,649,114,03/22/2026
WH007,SKU10105,614,155,03/17/2024
WH008,SKU10042,881,213,02/02/2026
WH007,SKU10140,387,289,12/17/2024
WH007,SKU10015,136,172,12/21/2025
WH004,SKU10021,291,257,08/03/2024
WH006,SKU10144,224,52,12/03/2025
WH004,SKU10541,956,269,09/18/2026
WH007,SKU10112,564,78,05/19/2025
WH002,SKU10419,424,233,07/12/2025
WH002,SKU10089,20,169,09/04/2025
WH008,SKU10279,709,189,12/25/2024
WH003,SKU10365,644,45,07/04/2025
WH003,SKU10337,809,169,10/04/2025
WH006,SKU10480,126,44,01/25/2024
WH003,SKU10153,655,174,03/29/2025
WH006,SKU10446,358,133,06/10/2025
WH004,SKU10243,228,76,07/27/2024
WH007,SKU10268,220,157,04/15/2025
WH001,SKU10192,284,80,01/29/2025
WH006,SKU10599,731,43,07/08/2025
WH003,SKU10495,18,29,10/13/2024
WH004,SKU10278,947,115,06/17/2026
WH008,SKU10447,969,228,09/29/2025
WH004,SKU10550,967,181,09/18/2025
WH001,SKU10171,833,54,03/27/2026
WH004,SKU10196,320,144,01/22/2024
WH002,SKU10458,401,183,09/19/2024
WH004,SKU10171,122,85,06/29/2024
WH002,SKU10057,891,58,09/13/2025
WH006,SKU10358,769,89,12/08/2024
WH002,SKU10122,149,38,12/09/2025
WH004,SKU10353,990,87,07/31/2026
WH008,SKU10064,37,169,01/05/2025
WH006,SKU10288,766,244,11/26/2024
WH006,SKU10143,130,264,05/02/2025
WH007,SKU10318,748,208,05/04/2025
WH008,SKU10136,882,119,12/24/2024
WH008,SKU10151,950,281,12/12/2024
WH007,SKU10541,156,277,01/07/2025
WH003,SKU10590,160,120,05/02/2025
WH005,SKU10197,63,22,03/22/2025
WH007,SKU10388,821,141,04/01/2025
WH005,SKU10214,181,150,10/22/2024
WH002,SKU10103,387,209,09/25/2025
WH005,SKU10060,412,61,05/03/2025
WH002,SKU10535,347,172,08/17/2024
WH006,SKU10040,493,108,01/22/2026
WH007,SKU10296,345,158,05/30/2026
WH006,SKU10132,232,26,01/29/2025
WH005,SKU10457,384,167,06/06/2025
WH005,SKU10081,804,29,08/03/2026
WH005,SKU10347,113,258,11/11/2024
WH004,SKU10207,959,219,08/05/2024
WH002,SKU10313,406,277,12/12/2024
WH006,SKU10112,287,203,03/25/2025
WH003,SKU10071,442,294,03/19/2025
WH002,SKU10107,930,78,08/24/2025
WH007,SKU10346,808,21,10/03/2024
WH005,SKU10389,817,272,06/27/2025
WH005,SKU10543,216,204,04/17/2024
WH005,SKU10566,885,212,08/04/2026
WH001,SKU10452,704,101,10/21/2024
WH005,SKU10008,54,114,11/20/2024
WH005,SKU10423,424,210,06/10/2024
WH005,SKU10424,833,134,01/12/2025
WH001,SKU10424,530,41,09/01/2026
WH007,SKU10396,583,101,08/18/2025
WH005,SKU10413,371,127,10/29/2025
WH007,SKU10352,33,252,08/19/2025
WH005,SKU10372,884,116,11/30/2024
WH003,SKU10416,752,158,02/26/2026
WH007,SKU10027,267,187,12/08/2024
WH003,SKU10306,237,57,03/05/2026
WH004,SKU10077,515,182,09/12/2026
WH001,SKU10557,796,76,01/11/2024
WH002,SKU10594,82,265,06/16/2024
WH001,SKU10095,624,103,02/03/2026
WH004,SKU10535,846,105,05/01/2024
WH003,SKU10285,489,132,12/18/2025
WH003,SKU10404,48,120,09/03/2024
WH007,SKU10392,18,185,08/08/2025
WH006,SKU10071,157,222,10/14/2025
WH007,SKU10546,889,289,11/12/2024
WH007,SKU10385,455,268,05/07/2026
WH002,SKU10293,143,93,06/26/2026
WH005,SKU10369,904,189,08/06/2024
WH007,SKU10587,828,111,01/08/2026
WH003,SKU10389,142,245,11/04/2025
WH004,SKU10394,686,26,09/14/2024
WH005,SKU10526,327,298,03/26/2026
WH007,SKU10420,64,124,11/01/2024
WH002,SKU10086,57,228,09/12/2024
WH004,SKU10491,539,209,12/11/2025
WH002,SKU10540,842,122,04/29/2024
WH006,SKU10441,961,289,07/06/2026
WH002,SKU10092,703,94,01/19/2025
WH003,SKU10314,922,227,05/05/2025
WH003,SKU10033,231,280,11/10/2025
WH001,SKU10464,142,53,05/29/2026
WH006,SKU10575,106,276,02/09/2026
WH003,SKU10022,169,269,01/17/2025
WH004,SKU10066,752,126,01/19/2026
WH006,SKU10560,149,254,01/30/2025
WH007,SKU10480,429,21,05/31/2025
WH008,SKU10494,754,72,11/16/2025
WH002,SKU10126,926,230,07/04/2025
WH006,SKU10383,156,281,02/20/2024
WH003,SKU10498,182,55,02/14/2024
WH007,SKU10042,59,219,05/18/2024
WH004,SKU10171,107,48,03/24/2024
WH001,SKU10177,387,239,12/29/2025
WH007,SKU10325,311,270,07/11/2024
WH007,SKU10153,966,148,08/30/2024
WH003,SKU10206,441,48,11/10/2024
WH007,SKU10155,304,76,06/24/2024
WH004,SKU10039,466,161,05/17/2026
WH004,SKU10404,722,243,03/30/2024
WH003,SKU10384,334,165,07/10/2024
WH004,SKU10526,139,153,08/12/2024
WH008,SKU10346,417,188,03/25/2024
WH001,SKU10409,619,290,09/07/2024
WH005,SKU10216,312,241,07/05/2024
WH002,SKU10234,579,62,12/07/2024
WH001,SKU10248,321,75,06/02/2024
WH001,SKU10582,903,119,07/27/2026
WH003,SKU10284,887,95,02/25/2026
WH006,SKU10518,715,225,10/06/2025
WH006,SKU10193,836,297,08/15/2025
WH007,SKU10412,116,180,11/24/2025
WH002,SKU10165,651,269,07/30/2026
WH001,SKU10239,401,141,05/12/2024
WH008,SKU10516,776,212,06/15/2025
WH008,SKU10411,-5,216,07/11/2024
WH006,SKU10292,183,102,03/28/2025
WH007,SKU10245,237,225,06/17/2026
WH007,SKU10480,554,169,09/23/2025
WH005,SKU10094,971,181,09/26/2025
WH004,SKU10510,895,90,04/05/2024
WH008,SKU10372,453,109,03/20/2026
WH006,SKU10198,-4,260,12/15/2025
WH008,SKU10419,866,193,12/23/2024
WH002,SKU10595,570,56,11/29/2024
WH002,SKU10210,18,172,07/31/2025
WH006,SKU10236,643,193,01/28/2026
WH008,SKU10558,879,243,05/17/2025
WH005,SKU10207,870,258,05/06/2026
WH004,SKU10513,888,202,07/24/2024
WH001,SKU10540,975,23,11/21/2025
WH002,SKU10350,651,159,04/04/2026
WH002,SKU10050,610,77,12/08/2025
WH002,SKU10037,111,25,11/29/2024
WH006,SKU10169,630,278,04/08/2025
WH006,SKU10011,875,66,04/11/2025
WH004,SKU10458,812,88,11/04/2024
WH008,SKU10384,899,114,05/12/2024
WH004,SKU10273,165,150,07/05/2024
WH004,SKU10489,197,188,09/30/2025
WH005,SKU10081,857,106,08/12/2024
WH005,SKU10301,939,241,03/02/2026
WH002,SKU10204,523,64,03/03/2026
WH003,SKU10015,880,288,02/14/2025
WH006,SKU10288,680,259,12/30/2024
WH007,SKU10087,200,187,09/05/2026
WH004,SKU10028,504,33,01/13/2024
WH001,SKU10127,390,224,09/14/2024
WH007,SKU10117,788,217,11/21/2025
WH005,SKU10377,333,194,05/23/2026
WH004,SKU10476,171,98,04/04/2025
WH005,SKU10292,495,140,12/22/2025
WH007,SKU10385,492,136,08/05/2024
WH001,SKU10062,888,190,07/16/2026
WH003,SKU10472,3,112,08/05/2025
WH008,SKU10302,873,132,01/10/2026
WH003,SKU10258,207,274,06/25/2024
WH008,SKU10522,171,147,05/09/2025
WH003,SKU10189,415,186,12/29/2025
WH004,SKU10264,548,275,02/17/2025
WH001,SKU10556,929,284,08/18/2026
WH006,SKU10090,531,177,04/09/2026
WH002,SKU10314,141,94,05/08/2024
WH007,SKU10347,447,48,04/20/2026
WH002,SKU10421,920,260,01/17/2025
WH001,SKU10558,713,166,08/11/2025
WH004,SKU10207,213,178,02/12/2025
WH001,SKU10070,644,286,12/03/2025
WH003,SKU10240,732,123,03/05/2025
WH006,SKU10094,271,48,04/07/2025
WH005,SKU10437,525,208,08/05/2025
WH005,SKU10341,344,291,08/06/2024
WH001,SKU10455,176,67,03/02/2025
WH006,SKU10204,887,296,02/19/2024
WH001,SKU10573,317,171,02/28/2024
WH005,SKU10538,322,176,10/15/2025
WH007,SKU10550,96,288,10/05/2024
WH006,SKU10428,441,113,10/31/2025
WH003,SKU10113,641,228,01/29/2026
WH002,SKU10089,972,22,10/27/2025
WH007,SKU10575,774,207,02/24/2025
WH002,SKU10523,856,24,07/16/2025
WH004,SKU10529,987,21,02/21/2026
WH002,SKU10386,697,128,12/08/2024
WH001,SKU10514,856,124,02/21/2025
WH004,SKU10297,300,239,08/30/2024
WH005,SKU10098,713,269,07/20/2024
WH007,SKU10154,626,283,03/06/2024
WH006,SKU10511,448,194,03/11/2024
WH007,SKU10390,640,63,05/28/2024
WH007,SKU10599,719,207,02/07/2026
WH004,SKU10540,408,156,09/20/2025
WH003,SKU10456,841,168,03/29/2024
WH005,SKU10024,31,160,02/07/2026
WH004,SKU10112,320,267,01/20/2026
WH003,SKU10226,363,126,06/26/2026
WH001,SKU10022,829,290,08/26/2026
WH004,SKU10562,505,171,03/24/2024
WH004,SKU10137,932,212,06/07/2025
WH008,SKU10230,949,279,03/25/2026
WH007,SKU10405,455,248,08/27/2024
WH003,SKU10022,726,142,08/20/2025
WH001,SKU10382,242,77,03/31/2024
WH007,SKU10061,103,58,10/28/2024
WH004,SKU10542,488,121,09/06/2026
WH001,SKU10415,297,206,12/26/2025
WH007,SKU10202,729,243,09/18/2024
WH003,SKU10421,519,28,09/16/2026
WH002,SKU10189,131,149,07/21/2024
WH006,SKU10070,448,283,01/14/2025
WH007,SKU10006,398,250,03/20/2025
WH007,SKU10132,0,283,09/19/2025
WH003,SKU10425,542,287,09/19/2024
WH005,SKU10339,934,45,09/17/2024
WH004,SKU10164,896,210,11/01/2025
WH007,SKU10412,903,174,07/24/2024
WH002,SKU10234,893,153,05/22/2024
WH007,SKU10095,923,243,05/29/2024
WH003,SKU10408,93,281,11/24/2024
WH005,SKU10274,425,150,02/02/2024
WH005,SKU10399,542,201,02/05/2024
WH003,SKU10338,832,154,12/24/2025
WH002,SKU10061,370,198,06/25/2025
WH003,SKU10030,707,291,05/25/2024
WH005,SKU10061,780,247,09/12/2024
WH005,SKU10135,509,84,11/07/2025
WH005,SKU10135,237,262,03/13/2026
WH006,SKU10552,72,167,05/19/2026
WH001,SKU10470,442,183,08/05/2024
WH004,SKU10528,163,52,04/26/2026
WH003,SKU10285,642,144,03/02/2025
WH004,SKU10194,234,104,10/25/2024
WH004,SKU10242,876,44,07/30/2025
WH002,SKU10521,895,258,05/04/2024
WH008,SKU10214,835,56,04/08/2025
WH001,SKU10380,663,220,03/19/2025
WH005,SKU10087,111,228,08/18/2025
WH004,SKU10589,982,191,06/30/2024
WH006,SKU10386,61,255,03/02/2024
WH007,SKU10580,564,51,01/08/2025
WH006,SKU10177,803,24,09/10/2026
WH007,SKU10371,80,258,07/22/2025
WH003,SKU10165,494,71,07/01/2025
WH008,SKU10281,475,103,10/06/2025
WH001,SKU10194,193,213,05/23/2025
WH006,SKU10086,107,169,08/06/2024
WH002,SKU10266,909,76,09/11/2026
WH002,SKU10319,900,85,08/15/2024
WH007,SKU10095,89,254,10/02/2025
WH006,SKU10239,274,165,05/15/2026
WH006,SKU10057,389,278,10/20/2025
WH007,SKU10388,193,177,08/02/2026
WH003,SKU10188,61,205,06/26/2024
WH006,SKU10054,509,115,10/04/2025
WH002,SKU10308,439,28,04/02/2024
WH004,SKU10501,806,161,07/10/2025
WH004,SKU10595,293,224,07/02/2024
WH005,SKU10581,507,133,10/20/2025
WH001,SKU10105,310,260,11/22/2024
WH001,SKU10126,33,215,05/08/2024
WH001,SKU10536,726,161,05/16/2026
WH003,SKU10380,741,172,06/16/2026
WH005,SKU10326,662,83,06/19/2024
WH002,SKU10482,29,265,07/27/2024
WH008,SKU10039,694,36,02/07/2024
WH004,SKU10333,602,33,10/31/2025
WH003,SKU10344,438,239,06/12/2026
WH008,SKU10562,615,27,08/09/2024
WH002,SKU10281,106,162,03/27/2025
WH002,SKU10308,204,72,12/06/2025
WH004,SKU10481,124,210,03/18/2025
WH001,SKU10163,443,53,01/23/2026
WH006,SKU10042,894,94,01/24/2026
WH007,SKU10283,1,167,01/11/2026
WH003,SKU10367,443,125,12/15/2025
WH007,SKU10293,280,76,03/04/2025
WH001,SKU10424,937,37,01/28/2025
WH005,SKU10153,617,24,08/30/2025
WH006,SKU10009,218,73,04/17/2024
WH004,SKU10473,280,99,08/20/2025
WH008,SKU10511,578,53,02/02/2024
WH004,SKU10371,42,162,12/21/2025
WH008,SKU10189,62,267,08/28/2025
WH006,SKU10223,672,219,05/14/2025
WH002,SKU10288,801,105,10/29/2024
WH007,SKU10253,741,142,05/22/2025
WH001,SKU10135,167,235,09/27/2025
WH002,SKU10224,862,289,11/15/2025
WH007,SKU10179,220,174,07/11/2026
WH008,SKU10269,874,75,06/19/2024
WH004,SKU10226,292,262,02/14/2024
WH006,SKU10317,493,163,10/14/2025
WH006,SKU10485,956,28,06/11/2024
WH006,SKU10199,404,90,05/28/2024
WH008,SKU10035,666,169,10/01/2024
WH001,SKU10491,583,245,12/25/2025
WH002,SKU10112,70,258,03/03/2024
WH008,SKU10558,791,72,01/23/2025
WH005,SKU10318,355,222,04/15/2024
WH005,SKU10314,472,289,04/19/2026
WH004,SKU10246,301,243,02/01/2026
WH003,SKU10427,995,220,03/29/2024
WH002,SKU10392,548,242,09/30/2024
WH004,SKU10559,635,175,04/05/2025
WH001,SKU10010,520,189,04/02/2025
WH003,SKU10116,304,169,06/16/2024
WH008,SKU10167,584,287,04/11/2025
WH002,SKU10114,792,121,05/18/2026
WH006,SKU10570,90,237,08/08/2024
WH001,SKU10044,146,25,05/05/2024
WH006,SKU10073,160,137,01/20/2025
WH003,SKU10266,935,276,04/30/2025
WH006,SKU10159,574,88,10/11/2024
WH004,SKU10199,337,242,04/15/2024
WH007,SKU10363,194,160,03/26/2024
WH006,SKU10337,683,57,03/08/2026
WH005,SKU10519,522,49,05/11/2024
WH006,SKU10271,623,54,10/09/2024
WH008,SKU10563,713,150,02/01/2026
WH005,SKU10115,91,106,08/17/2025
WH002,SKU10117,677,270,01/25/2024
WH001,SKU10235,720,233,06/19/2024
WH005,SKU10071,273,60,04/16/2025
WH004,SKU10018,308,160,12/17/2024
WH005,SKU10223,589,234,09/15/2026
WH006,SKU10323,378,203,04/23/2024
WH002,SKU10167,930,22,01/27/2024
WH006,SKU10163,92,21,07/04/2025
WH008,SKU10059,164,183,08/16/2026
WH003,SKU10068,809,278,01/04/2024
WH008,SKU10530,679,34,04/08/2026
WH008,SKU10040,859,66,09/20/2026
WH004,SKU10422,18,72,02/20/2025
WH007,SKU10429,129,109,02/20/2025
WH008,SKU10122,836,269,09/19/2026
WH007,SKU10149,811,285,09/21/2025
WH004,SKU10221,824,105,06/30/2025
WH006,SKU10396,897,225,10/13/2024
WH005,SKU10022,226,22,07/20/2026
WH004,SKU10490,92,163,09/10/2024
WH006,SKU10205,292,195,01/27/2025
WH008,SKU10300,997,261,04/26/2026
WH001,SKU10546,514,250,05/25/2025
WH008,SKU10080,-1,37,01/28/2026
WH003,SKU10569,742,135,09/21/2026
WH007,SKU10369,841,41,10/05/2025
WH001,SKU10257,117,22,06/11/2024
WH008,SKU10043,556,63,01/22/2026
WH004,SKU10041,743,281,08/22/2025
WH008,SKU10491,957,94,06/24/2024
WH004,SKU10242,605,227,04/20/2024
WH006,SKU10457,334,218,07/23/2026
WH005,SKU10500,909,262,04/15/2024
WH002,SKU10242,357,169,03/30/2025
WH002,SKU10190,631,293,09/12/2026
WH005,SKU10162,839,139,05/18/2026
WH004,SKU10382,528,240,04/19/2026
WH005,SKU10426,709,239,01/06/2026
WH007,SKU10210,840,172,04/22/2025
WH007,SKU10341,598,108,10/12/2024
WH001,SKU10324,417,64,06/16/2026
WH004,SKU10088,642,43,07/23/2025
WH002,SKU10316,398,159,01/30/2025
WH005,SKU10456,681,131,08/24/2026
WH005,SKU10578,76,78,01/04/2025
WH008,SKU10201,43,234,02/07/2024
WH004,SKU10144,472,65,08/23/2025
WH004,SKU10537,113,152,03/02/2025
WH005,SKU10552,729,140,09/14/2025
WH002,SKU10498,177,293,09/12/2025
WH001,SKU10202,497,49,09/21/2025
WH006,SKU10166,172,259,12/05/2024
WH003,SKU10375,921,211,09/09/2024
WH003,SKU10154,842,241,11/13/2024
WH008,SKU10462,-4,237,08/23/2026
WH002,SKU10239,391,236,01/18/2026
WH008,SKU10197,941,141,01/27/2025
WH006,SKU10483,486,182,07/05/2026
WH003,SKU10214,843,122,02/03/2026
WH008,SKU10079,84,272,06/21/2025
WH005,SKU10477,426,83,03/11/2026
WH003,SKU10190,869,185,08/06/2026
WH004,SKU10394,190,79,07/21/2025
WH003,SKU10396,5,124,04/11/2024
WH007,SKU10050,733,289,03/06/2025
WH004,SKU10021,78,74,08/15/2024
WH001,SKU10493,297,268,11/30/2025
WH006,SKU10034,811,247,03/28/2024
WH007,SKU10200,891,122,04/12/2025
WH004,SKU10458,126,123,03/11/2025
WH008,SKU10107,494,21,01/20/2025
WH004,SKU10314,792,241,09/18/2025
WH003,SKU10070,388,206,06/29/2025
WH006,SKU10335,347,295,07/19/2024
WH002,SKU10429,540,101,03/11/2026
WH008,SKU10150,774,131,03/24/2025
WH006,SKU10170,35,212,06/05/2024
WH003,SKU10320,45,115,11/15/2025
WH001,SKU10475,102,109,01/27/2025
WH005,SKU10328,337,67,10/01/2025
WH005,SKU10421,274,296,01/24/2026
WH007,SKU10249,478,153,09/21/2025
WH003,SKU10078,297,235,07/30/2026
WH002,SKU10579,623,203,08/29/2025
WH004,SKU10478,318,187,01/16/2025
WH007,SKU10030,835,107,09/13/2026
WH008,SKU10166,306,108,05/29/2025
WH003,SKU10249,240,155,12/14/2025
WH001,SKU10049,859,57,11/27/2024
WH001,SKU10515,657,170,06/26/2026
WH005,SKU10104,43,45,07/28/2026
WH001,SKU10124,147,97,08/09/2026
WH006,SKU10191,43,197,01/23/2025
WH001,SKU10561,794,26,05/09/2026
WH004,SKU10136,625,32,11/03/2025
WH007,SKU10256,932,80,04/05/2024
WH004,SKU10410,324,231,07/06/2026
WH006,SKU10094,42,244,06/13/2025
WH003,SKU10054,456,20,06/16/2025
WH007,SKU10056,75,97,01/16/2025
WH004,SKU10111,140,35,05/03/2026
WH007,SKU10197,786,23,04/07/2024
WH008,SKU10565,375,283,01/19/2025
WH004,SKU10552,879,138,07/18/2025
WH002,SKU10342,511,242,07/15/2024
WH008,SKU10564,646,211,07/31/2024
WH006,SKU10018,833,145,09/07/2025
WH008,SKU10338,458,230,08/04/2025
WH004,SKU10267,316,89,03/28/2026
WH003,SKU10071,767,135,03/28/2026
WH001,SKU10332,829,126,01/19/2024
WH007,SKU10274,296,180,01/28/2025
WH007,SKU10459,822,78,04/26/2026
WH007,SKU10251,991,228,08/07/2026
WH003,SKU10258,189,255,04/04/2024
WH004,SKU10139,847,268,02/05/2026
WH004,SKU10284,82,270,08/20/2024
WH001,SKU10046,886,199,03/15/2026
WH001,SKU10340,890,243,03/22/2025
WH003,SKU10229,854,213,04/22/2024
WH005,SKU10165,345,286,07/23/2024
WH008,SKU10224,932,47,07/30/2026
WH007,SKU10536,551,75,02/06/2026
WH006,SKU10423,59,137,02/04/2024
WH008,SKU10512,848,193,08/06/2026
WH007,SKU10237,908,268,04/23/2026
WH005,SKU10237,299,46,06/29/2025
WH008,SKU10008,244,65,01/30/2024
WH008,SKU10410,566,260,03/10/2025
WH002,SKU10013,355,106,06/11/2024
WH003,SKU10584,637,24,12/31/2024
WH008,SKU10413,367,209,11/11/2024
WH001,SKU10280,213,265,12/13/2025
WH005,SKU10397,228,272,01/07/2026
WH004,SKU10597,655,259,06/21/2024
WH006,SKU10097,435,36,06/18/2026
WH008,SKU10448,10,57,11/01/2025
WH003,SKU10520,503,263,10/28/2025
WH002,SKU10352,786,214,02/15/2026
WH003,SKU10398,144,81,12/28/2025
WH006,SKU10304,240,128,02/27/2026
WH003,SKU10093,356,261,10/16/2024
WH006,SKU10589,926,280,11/17/2025
WH003,SKU10173,344,268,09/02/2026
WH006,SKU10232,836,148,01/24/2026
WH001,SKU10585,673,237,02/11/2025
WH003,SKU10034,991,32,09/24/2025
WH003,SKU10245,578,278,07/01/2026
WH005,SKU10334,313,82,10/17/2025
WH006,SKU10143,714,289,02/18/2026
WH006,SKU10403,85,24,06/08/2026
WH008,SKU10315,782,279,01/02/2025
WH007,SKU10158,230,167,12/01/2024
WH001,SKU10124,665,163,12/09/2024
WH006,SKU10172,577,209,01/03/2025
WH001,SKU10476,237,149,11/10/2025
WH004,SKU10313,478,286,04/30/2025
WH005,SKU10477,499,49,07/29/2026
WH003,SKU10432,765,203,11/17/2025
WH006,SKU10481,463,80,11/03/2025
WH007,SKU10514,53,30,08/08/2026
WH005,SKU10371,69,202,05/07/2026
WH005,SKU10217,662,209,02/02/2024
WH008,SKU10417,893,55,08/24/2026
WH006,SKU10567,432,223,05/31/2026
WH002,SKU10193,86,283,11/26/2024
WH006,SKU10293,166,214,08/23/2024
WH004,SKU10528,976,83,06/22/2025
WH001,SKU10359,701,43,09/26/2026
WH008,SKU10087,26,44,09/01/2025
WH007,SKU10211,255,193,08/01/2025
WH005,SKU10153,728,85,08/05/2024
WH006,SKU10287,629,123,06/16/2026
WH005,SKU10596,284,33,03/08/2026
WH003,SKU10504,694,143,02/26/2024
WH008,SKU10577,904,66,09/18/2024
WH005,SKU10445,899,139,05/31/2026
WH003,SKU10305,823,184,12/07/2025
WH006,SKU10396,351,289,02/07/2025
WH002,SKU10300,20,100,06/07/2025
WH003,SKU10025,387,109,05/06/2024
WH002,SKU10071,17,244,04/16/2026
WH001,SKU10333,568,286,09/23/2025
WH007,SKU10396,601,133,05/26/2025
WH004,SKU10153,338,116,09/03/2025
WH007,SKU10019,145,219,08/09/2025
WH006,SKU10042,522,230,03/10/2025
WH002,SKU10189,9,218,06/30/2024
WH002,SKU10517,272,199,04/25/2025
WH004,SKU10252,967,58,03/19/2026
WH001,SKU10585,913,93,02/23/2024
WH005,SKU10537,631,35,02/06/2025
WH004,SKU10515,370,129,03/31/2026
WH002,SKU10582,5,255,08/02/2025
WH005,SKU10146,648,82,01/25/2024
WH007,SKU10585,487,216,04/26/2026
WH008,SKU10555,712,137,02/23/2024
WH004,SKU10480,153,68,04/24/2025
WH001,SKU10116,829,82,04/24/2024
WH007,SKU10174,804,210,10/01/2024
WH005,SKU10392,425,241,01/28/2025
WH007,SKU10028,23,112,09/22/2024
WH001,SKU10493,463,276,05/25/2026
WH003,SKU10256,367,35,07/20/2025
WH003,SKU10013,759,180,12/27/2024
WH006,SKU10179,234,84,10/18/2024
WH006,SKU10238,13,269,05/12/2025
WH006,SKU10394,980,231,12/04/2024
WH004,SKU10362,237,36,03/17/2026
WH003,SKU10223,73,129,08/22/2024
WH002,SKU10372,856,228,11/20/2025
WH003,SKU10535,718,172,03/22/2025
WH002,SKU10211,265,157,09/20/2024
WH007,SKU10225,475,58,04/11/2025
WH006,SKU10061,686,179,04/29/2024
WH006,SKU10227,815,45,06/09/2025
WH008,SKU10171,369,109,12/18/2025
WH006,SKU10456,210,86,08/15/2025
WH003,SKU10068,9,203,01/16/2024
WH003,SKU10355,854,152,08/10/2025
WH002,SKU10464,813,139,01/26/2024
WH006,SKU10154,950,257,01/02/2025
WH007,SKU10041,746,129,09/26/2025
WH006,SKU10407,209,233,06/19/2026
WH004,SKU10354,236,268,09/03/2026
WH003,SKU10338,238,64,05/26/2025
WH004,SKU10528,455,228,08/01/2024
WH003,SKU10063,963,40,04/12/2026
WH002,SKU10119,689,199,12/21/2024
WH004,SKU10281,431,83,07/11/2025
WH002,SKU10338,736,91,07/17/2024
WH006,SKU10552,834,258,01/05/2025
WH008,SKU10372,400,72,04/24/2025
WH002,SKU10128,841,164,01/08/2026
WH001,SKU10512,13,238,06/18/2026
WH007,SKU10249,307,245,06/25/2024
WH003,SKU10521,165,77,07/13/2025
WH003,SKU10166,174,123,08/27/2026
WH007,SKU10475,198,177,01/17/2024
WH007,SKU10323,363,185,07/26/2025
WH005,SKU10334,723,65,02/06/2026
WH002,SKU10586,589,186,04/14/2024
WH006,SKU10093,438,20,10/30/2025
WH006,SKU10186,494,195,02/25/2025
WH004,SKU10110,179,226,08/24/2025
WH005,SKU10500,735,151,12/13/2025
WH005,SKU10511,753,88,05/24/2024
WH006,SKU10503,546,86,03/09/2024
WH005,SKU10143,813,213,11/12/2024
WH008,SKU10156,804,139,09/18/2024
WH001,SKU10242,803,280,10/15/2024
WH001,SKU10464,99,292,07/13/2026
WH002,SKU10451,81,141,11/18/2025
WH002,SKU10593,436,96,12/22/2024
WH004,SKU10471,52,247,08/28/2025
WH001,SKU10573,11,222,06/08/2024
WH002,SKU10160,126,66,07/02/2024
WH005,SKU10364,116,284,04/08/2024
WH008,SKU10320,322,76,03/02/2025
WH007,SKU10092,328,178,09/11/2025
WH002,SKU10569,818,72,05/23/2025
WH001,SKU10072,901,157,07/12/2025
WH006,SKU10513,166,194,06/12/2024
WH007,SKU10161,377,53,10/09/2025
WH008,SKU10133,505,92,07/06/2025
WH004,SKU10361,269,230,08/16/2026
WH001,SKU10281,327,287,09/04/2024
WH008,SKU10232,669,275,03/01/2024
WH003,SKU10542,422,230,03/31/2025
WH004,SKU10420,701,294,07/16/2024
WH004,SKU10366,70,66,06/23/2024
WH008,SKU10473,478,76,08/21/2024
WH003,SKU10482,307,133,11/10/2025
WH005,SKU10109,284,277,03/03/2025
WH005,SKU10265,465,243,05/24/2026
WH008,SKU10544,298,123,05/01/2024
WH008,SKU10489,757,24,07/20/2026
WH006,SKU10037,181,193,02/13/2025
WH001,SKU10148,892,106,06/17/2025
WH003,SKU10159,359,82,03/27/2026
WH006,SKU10309,524,79,05/06/2025
WH007,SKU10489,164,89,06/12/2024
WH007,SKU10290,918,109,08/28/2024
WH004,SKU10111,641,193,07/05/2026
WH006,SKU10335,768,65,03/10/2024
WH003,SKU10133,894,155,06/30/2026
WH006,SKU10407,995,277,11/06/2025
WH004,SKU10586,250,290,05/27/2025
WH006,SKU10380,325,252,11/12/2024
WH007,SKU10548,238,94,05/10/2026
WH007,SKU10327,499,60,02/02/2024
WH006,SKU10488,897,265,12/12/2025
WH007,SKU10565,736,133,07/28/2024
WH002,SKU10105,565,148,12/22/2024
WH002,SKU10400,470,139,03/04/2024
WH007,SKU10154,728,57,07/15/2025
WH005,SKU10051,464,221,05/27/2024
WH004,SKU10142,888,86,04/26/2024
WH006,SKU10086,557,85,11/24/2024
WH001,SKU10114,663,231,05/10/2025
WH002,SKU10005,677,219,08/02/2026
WH002,SKU10583,741,251,04/09/2026
WH005,SKU10265,475,217,02/04/2025
WH001,SKU10100,383,31,08/08/2025
WH001,SKU10206,412,136,02/09/2026
WH006,SKU10449,937,134,01/17/2025
WH006,SKU10380,105,110,02/06/2026
WH003,SKU10031,702,158,10/25/2025
WH006,SKU10089,960,159,12/04/2025
WH001,SKU10327,67,192,09/03/2026
WH004,SKU10582,615,288,01/11/2025
WH003,SKU10043,593,202,03/08/2024
WH003,SKU10518,330,281,06/20/2025
WH007,SKU10038,90,252,11/26/2024
WH001,SKU10298,676,225,02/28/2024
WH006,SKU10139,519,96,06/04/2024
WH003,SKU10255,750,181,06/17/2025
WH004,SKU10556,83,51,08/14/2026
WH002,SKU10130,934,278,12/04/2024
WH006,SKU10384,625,72,06/29/2025
WH001,SKU10200,439,86,06/26/2024
WH001,SKU10391,453,282,05/09/2024
WH003,SKU10033,951,54,02/21/2026
WH008,SKU10179,550,173,09/04/2025
WH001,SKU10575,578,180,07/08/2024
WH002,SKU10435,647,81,05/15/2025
WH004,SKU10563,309,129,08/03/2025
WH001,SKU10409,246,240,02/29/2024
WH005,SKU10112,749,219,10/27/2024
WH003,SKU10278,316,184,05/14/2026
WH006,SKU10527,29,172,12/28/2024
WH001,SKU10410,479,122,12/10/2025
WH002,SKU10313,5,194,08/28/2025
WH002,SKU10521,564,25,01/06/2024
WH006,SKU10069,642,39,08/05/2026
WH006,SKU10577,923,239,08/17/2026
WH001,SKU10076,604,68,10/30/2025
WH004,SKU10598,348,220,06/08/2024
WH006,SKU10483,640,24,04/24/2026
WH001,SKU10293,589,93,01/01/2024
WH001,SKU10286,739,282,05/24/2025
WH006,SKU10020,922,94,03/03/2025
WH005,SKU10191,92,295,11/28/2025
WH006,SKU10138,716,96,05/20/2024
WH004,SKU10425,803,198,05/25/2026
WH008,SKU10119,324,207,07/24/2025
WH002,SKU10484,400,197,09/17/2024
WH002,SKU10181,411,102,11/07/2024
WH006,SKU10511,370,232,11/17/2025
WH007,SKU10217,878,106,07/04/2024
WH001,SKU10452,322,247,10/23/2024
WH006,SKU10402,434,125,09/12/2026
WH008,SKU10594,582,254,05/29/2026
WH005,SKU10316,248,294,11/28/2024
WH007,SKU10212,696,231,07/09/2025
WH003,SKU10390,520,148,02/18/2025
WH007,SKU10018,165,138,07/19/2024
WH004,SKU10584,181,125,10/21/2024
WH003,SKU10407,22,118,04/18/2024
WH002,SKU10030,579,151,04/16/2026
WH007,SKU10104,799,156,09/03/2024
WH006,SKU10009,991,221,07/15/2024
WH007,SKU10401,658,269,09/29/2025
WH006,SKU10400,969,267,05/07/2024
WH003,SKU10098,988,189,08/14/2026
WH002,SKU10328,611,297,05/31/2026
WH006,SKU10294,371,270,02/16/2025
WH003,SKU10290,885,156,07/02/2024
WH006,SKU10371,630,135,05/20/2024
WH008,SKU10512,814,148,05/07/2026
WH006,SKU10549,222,26,03/16/2025
WH004,SKU10096,950,112,08/01/2025
WH008,SKU10567,426,127,05/04/2024
WH005,SKU10345,872,238,04/03/2026
WH004,SKU10109,372,93,06/01/2025
WH008,SKU10560,899,203,03/11/2024
WH003,SKU10222,671,110,03/17/2024
WH002,SKU10268,225,121,08/21/2026
WH002,SKU10581,144,39,02/26/2024
WH006,SKU10348,153,165,10/26/2024
WH005,SKU10086,371,47,01/13/2024
WH007,SKU10042,39,77,02/28/2024
WH002,SKU10493,546,160,03/23/2026
WH003,SKU10210,657,214,02/03/2026
WH001,SKU10060,743,133,11/27/2024
WH003,SKU10025,933,90,06/27/2024
