prd_id,prd_name,prd_category,prd_brand,prd_cost,prd_price,prd_start_dt
SKU10001,SmartChoice Plus Bottle 1,Beverages,UrbanHome,1797.34,858.27,13/08/2021
SKU10002,PureLife Max Pack 2,Electronics,FreshMart,203.97,39.13,04/04/2019
SKU10003,TechPlus Premium Unit 3,Home & Kitchen,SmartChoice,1002.49,548.03,14/11/2024
SKU10004,FreshMart Everyday Set 4,Beverages,UrbanHome,591.12,1100.35,27/08/2022
SKU10005,HomePro Plus Set 5,Groceries,SmartChoice,428.28,2619.41,09/02/2023
SKU10006,TechPlus Classic Set 6,Home & Kitchen,ValueMax,1343.2,1469.69,28/07/2022
SKU10007,HomePro Everyday Unit 7,Dairy,GoodBuy,1804.83,499.44,14/08/2022
SKU10008,GoodBuy Premium Box 8,Personal Care,SmartChoice,1228.23,3926.85,24/02/2023
SKU10009,ValueMax Max Pack 9,Office Supplies,PrimeSelect,2055.59,459.66,14/11/2021
SKU10010,UrbanHome Everyday Box 10,Electronics,UrbanHome,2295.12,1439.83,24/11/2019
SKU10011,ValueMax Max Pack 11,Home & Kitchen,TechPlus,2021.81,3510.12,15/03/2019
SKU10012,GoodBuy Plus Set 12,Frozen Foods,FreshMart,2392.1,2620.88,11/09/2022
SKU10013,UrbanHome Plus Pack 13,Household,GoodBuy,2324.01,1299.6,10/04/2020
SKU10014,DailyChoice Plus Bottle 14,Snacks,TechPlus,2084.64,3882.28,09/02/2022
SKU10015,HomePro Max Pack 15,Personal Care,HomePro,745.73,2019.36,21/02/2023
SKU10016,GoodBuy Classic Pack 16,Electronics,PrimeSelect,452.34,62.2,29/01/2023
SKU10017,HomePro Everyday Set 17,Home & Kitchen,PrimeSelect,1822.99,54.47,26/02/2020
SKU10018,DailyChoice Plus Bottle 18,Dairy,HomePro,2116.91,3765.81,10/07/2023
SKU10019,GoodBuy Everyday Set 19,Groceries,FreshMart,2061.35,1146.29,10/06/2025
SKU10020,GoodBuy Classic Set 20,Beverages,GoodBuy,1616.18,3253.9,22/06/2021
SKU10021,GoodBuy Premium Unit 21,Electronics,HomePro,2078.07,202.93,24/10/2019
SKU10022,TechPlus Classic Pack 22,Personal Care,FreshMart,1773.77,613.26,14/06/2022
SKU10023,HomePro Everyday Box 23,Office Supplies,FreshMart,1670.11,3431.41,23/03/2023
SKU10024,PrimeSelect Everyday Pack 24,Dairy,PrimeSelect,135.51,3976.54,14/09/2021
SKU10025,FreshMart Max Pack 25,Groceries,TechPlus,1161.98,236.13,07/02/2023
SKU10026,PrimeSelect Everyday Bottle 26,Beverages,HomePro,103.94,695.52,28/03/2024
SKU10027,UrbanHome Classic Unit 27,Frozen Foods,DailyChoice,249.08,2899.96,16/12/2022
SKU10028,PureLife Max Pack 28,Personal Care,PureLife,1361.69,2132.13,14/06/2024
SKU10029,HomePro Max Unit 29,Electronics,PrimeSelect,137.75,1641.69,01/01/2020
SKU10030,PrimeSelect Classic Unit 30,Household,SmartChoice,2284.79,802.04,02/01/2021
SKU10031,SmartChoice Plus Bottle 31,Household,HomePro,1136.85,3783.38,20/10/2022
SKU10032,SmartChoice Premium Box 32,Personal Care,UrbanHome,1755.92,713.91,10/10/2020
SKU10033,PureLife Premium Pack 33,Household,PrimeSelect,386.53,1083.04,31/13/2022
SKU10034,DailyChoice Plus Bottle 34,Beverages,HomePro,2122.04,1317.46,23/08/2023
SKU10035,PureLife Classic Box 35,Personal Care,GoodBuy,1205.61,580.18,26/10/2021
SKU10036,GoodBuy Plus Bottle 36,Personal Care,DailyChoice,1405.76,2158.85,19/04/2024
SKU10037,GoodBuy Plus Unit 37,Home & Kitchen,HomePro,1628.24,1385.06,24/09/2025
SKU10038,PureLife Plus Unit 38,Personal Care,ValueMax,1358.95,2443.15,28/01/2019
SKU10039,DailyChoice Classic Unit 39,Electronics,UrbanHome,1416.7,1490.4,24/10/2022
SKU10040,PureLife Plus Box 40,Personal Care,FreshMart,1866.42,492.2,04/12/2021
SKU10041,GoodBuy Everyday Pack 41,Personal Care,SmartChoice,2020.05,3494.21,02/03/2024
SKU10042,ValueMax Max Box 42,Home & Kitchen,PrimeSelect,779.29,2053.32,08/02/2021
SKU10043,GoodBuy Premium Bottle 43,Office Supplies,FreshMart,2306.68,1307.75,24/03/2021
SKU10044,FreshMart Premium Pack 44,Groceries,ValueMax,897.66,94.97,31/03/2024
SKU10045,GoodBuy Premium Pack 45,Personal Care,UrbanHome,695.37,2403.45,04/02/2025
SKU10046,SmartChoice Plus Box 46,Beverages,FreshMart,792.35,3136.54,25/12/2019
SKU10047,FreshMart Classic Unit 47,Electronics,DailyChoice,909.12,2610.74,17/03/2023
SKU10048,PrimeSelect Classic Box 48,Household,FreshMart,805.99,3157.25,29/04/2024
SKU10049,ValueMax Classic Pack 49,Beverages,ValueMax,2112.5,645.29,16/02/2020
SKU10050,PureLife Max Box 50,Frozen Foods,PureLife,1411.66,3887.66,12/07/2023
SKU10051,TechPlus Plus Box 51,Office Supplies,FreshMart,2419.76,868.99,15/09/2025
SKU10052,DailyChoice Max Set 52,Office Supplies,HomePro,228.21,1089.12,08/10/2024
SKU10053,TechPlus Premium Unit 53,Office Supplies,PureLife,1542.67,2063.95,01/05/2020
SKU10054,PrimeSelect Premium Unit 54,Groceries,GoodBuy,258.14,50.63,11/10/2025
SKU10055,DailyChoice Classic Unit 55,Office Supplies,UrbanHome,1157.95,1786.52,11/06/2021
SKU10056,ValueMax Premium Set 56,Home & Kitchen,DailyChoice,969.18,807.03,06/04/2022
SKU10057,FreshMart Plus Box 57,Home & Kitchen,UrbanHome,1708.32,3003.6,29/12/2020
SKU10058,PrimeSelect Plus Set 58,Home & Kitchen,SmartChoice,1868.7,3038.28,15/10/2023
SKU10059,GoodBuy Classic Box 59,Home & Kitchen,UrbanHome,610.47,2474.47,11/11/2019
SKU10060,FreshMart Max Unit 60,Beverages,ValueMax,500.41,1704.09,10/11/2023
SKU10061,SmartChoice Plus Bottle 61,Personal Care,TechPlus,1060.39,1261.63,19/05/2019
SKU10062,FreshMart Premium Box 62,Dairy,FreshMart,620.13,3315.02,31/13/2022
SKU10063,DailyChoice Max Unit 63,Frozen Foods,SmartChoice,1698.03,2043.16,25/03/2021
SKU10064,DailyChoice Max Pack 64,Electronics,GoodBuy,1303.89,2000.97,19/07/2022
SKU10065,DailyChoice Everyday Pack 65,Electronics,TechPlus,2070.9,480.33,24/07/2020
SKU10066,DailyChoice Plus Box 66,Electronics,HomePro,2453.55,896.98,27/09/2019
SKU10067,PureLife Plus Unit 67,Office Supplies,FreshMart,957.71,1461.14,28/02/2019
SKU10068,PureLife Premium Set 68,Home & Kitchen,HomePro,2281.75,2804.45,14/09/2025
SKU10069,PrimeSelect Classic Set 69,Dairy,ValueMax,1947.39,3385.73,07/12/2019
SKU10070,TechPlus Plus Bottle 70,Groceries,GoodBuy,389.83,3971.66,23/05/2019
SKU10071,PrimeSelect Max Set 71,Home & Kitchen,HomePro,2093.1,1674.48,08/07/2022
SKU10072,ValueMax Premium Box 72,Dairy,DailyChoice,1214.14,1829.22,02/08/2025
SKU10073,HomePro Premium Set 73,Office Supplies,TechPlus,1778.72,3071.26,27/07/2019
SKU10074,HomePro Everyday Box 74,Personal Care,FreshMart,1762.48,1305.27,30/09/2020
SKU10075,GoodBuy Classic Box 75,Household,HomePro,2217.19,2175.86,21/10/2022
SKU10076,HomePro Max Box 76,Frozen Foods,DailyChoice,1907.69,2717.76,16/05/2022
SKU10077,TechPlus Plus Unit 77,Dairy,SmartChoice,2065.07,967.91,31/12/2019
SKU10078,UrbanHome Everyday Set 78,Frozen Foods,DailyChoice,815.86,1139.97,04/07/2025
SKU10079,FreshMart Everyday Unit 79,Office Supplies,DailyChoice,2433.38,1444.08,14/06/2021
SKU10080,TechPlus Classic Set 80,Frozen Foods,PrimeSelect,1660.75,2323.41,19/08/2023
SKU10081,GoodBuy Premium Unit 81,Home & Kitchen,HomePro,1938.76,1103.55,18/02/2022
SKU10082,UrbanHome Classic Bottle 82,Office Supplies,SmartChoice,2150.03,856.43,03/01/2023
SKU10083,PureLife Everyday Set 83,Snacks,TechPlus,326.98,623.55,11/03/2025
SKU10084,UrbanHome Max Unit 84,Groceries,PrimeSelect,854.3,3242.96,25/03/2021
SKU10085,FreshMart Premium Set 85,Office Supplies,UrbanHome,2093.12,3547.31,29/07/2024
SKU10086,PrimeSelect Premium Set 86,Household,SmartChoice,2306.52,3621.75,31/13/2022
SKU10087,PureLife Classic Bottle 87,Dairy,UrbanHome,1895.11,3291.89,03/03/2021
SKU10088,PureLife Classic Unit 88,Snacks,GoodBuy,1216.13,575.04,23/03/2019
SKU10089,SmartChoice Plus Bottle 89,Household,UrbanHome,642.78,418.08,16/05/2021
SKU10090,SmartChoice Everyday Bottle 90,Snacks,FreshMart,1322.07,2011.68,05/01/2023
SKU10091,UrbanHome Classic Unit 91,Frozen Foods,UrbanHome,1005.3,2100.07,19/05/2023
SKU10092,DailyChoice Classic Box 92,Personal Care,UrbanHome,2216.36,2939.31,11/12/2021
SKU10093,FreshMart Max Set 93,Office Supplies,HomePro,1426.82,914.84,10/06/2021
SKU10094,SmartChoice Everyday Set 94,Frozen Foods,PureLife,992.32,3725.87,14/07/2020
SKU10095,HomePro Classic Box 95,Groceries,PrimeSelect,1256.23,1260.42,10/03/2025
SKU10096,GoodBuy Everyday Bottle 96,Personal Care,DailyChoice,2335.25,2323.9,18/08/2021
SKU10097,ValueMax Classic Bottle 97,Beverages,PureLife,1540.88,3460.93,03/02/2021
SKU10098,PureLife Max Pack 98,Office Supplies,SmartChoice,587.87,2108.09,10/06/2025
SKU10099,UrbanHome Classic Pack 99,Groceries,GoodBuy,1260.19,3021.62,11/05/2023
SKU10100,SmartChoice Plus Unit 100,Household,PrimeSelect,1174.83,3003.63,22/10/2024
SKU10101,GoodBuy Plus Pack 101,Snacks,UrbanHome,789.8,3166.38,29/08/2021
SKU10102,FreshMart Everyday Unit 102,Home & Kitchen,SmartChoice,1846.02,3249.86,12/12/2021
SKU10103,GoodBuy Everyday Unit 103,Office Supplies,SmartChoice,685.35,1588.08,29/12/2023
SKU10104,PureLife Everyday Bottle 104,Snacks,DailyChoice,1241.52,1473.32,15/09/2025
SKU10105,TechPlus Premium Box 105,Beverages,HomePro,1113.8,891.04,25/05/2024
SKU10106,UrbanHome Max Box 106,Electronics,ValueMax,1177.82,2331.45,01/03/2022
SKU10107,PrimeSelect Classic Pack 107,Snacks,PureLife,1425.6,2442.62,03/02/2023
SKU10108,PrimeSelect Max Bottle 108,Snacks,FreshMart,1714.58,1665.31,22/05/2021
SKU10109,SmartChoice Premium Bottle 109,Household,GoodBuy,374.64,830.41,14/02/2022
SKU10110,PrimeSelect Everyday Unit 110,Personal Care,HomePro,735.05,1844.01,27/08/2021
SKU10111,HomePro Plus Bottle 111,Frozen Foods,DailyChoice,1936.64,3879.5,06/09/2019
SKU10112,DailyChoice Everyday Set 112,Personal Care,UrbanHome,2271.21,1184.74,26/12/2024
SKU10113,GoodBuy Premium Set 113,Frozen Foods,TechPlus,130.75,1109.87,09/12/2019
SKU10114,PureLife Max Pack 114,Office Supplies,TechPlus,201.95,549.21,31/10/2020
SKU10115,SmartChoice Premium Unit 115,Household,PrimeSelect,2335.9,1940.29,31/13/2022
SKU10116,HomePro Premium Bottle 116,Electronics,PrimeSelect,386.89,1175.47,09/07/2020
SKU10117,PureLife Plus Box 117,Snacks,TechPlus,2448.64,2757.88,28/05/2022
SKU10118,HomePro Everyday Pack 118,Groceries,UrbanHome,2073.99,566.44,29/07/2025
SKU10119,TechPlus Max Set 119,Household,FreshMart,319.35,1011.83,01/04/2021
SKU10120,UrbanHome Plus Pack 120,Groceries,UrbanHome,274.26,275.55,10/01/2024
SKU10121,PureLife Classic Box 121,Office Supplies,UrbanHome,2443.7,194.64,06/01/2024
SKU10122,DailyChoice Premium Box 122,Dairy,PureLife,651.96,3262.15,31/13/2022
SKU10123,DailyChoice Classic Unit 123,Personal Care,ValueMax,1355.89,3626.34,06/04/2023
SKU10124,PureLife Premium Unit 124,Snacks,DailyChoice,605.86,3062.64,25/01/2024
SKU10125,PureLife Plus Set 125,Office Supplies,TechPlus,1509.67,3464.7,18/03/2024
SKU10126,FreshMart Plus Bottle 126,Beverages,SmartChoice,2103.27,373.79,04/09/2023
SKU10127,SmartChoice Everyday Unit 127,Office Supplies,DailyChoice,1649.13,3595.59,28/10/2022
SKU10128,FreshMart Max Bottle 128,Snacks,GoodBuy,135.61,1880.18,17/08/2019
SKU10129,GoodBuy Max Box 129,Snacks,ValueMax,1496.07,3081.52,24/06/2022
SKU10130,ValueMax Plus Unit 130,Dairy,TechPlus,1659.32,1327.46,28/02/2024
SKU10131,TechPlus Plus Set 131,Beverages,PureLife,518.23,1418.98,04/05/2021
SKU10132,GoodBuy Classic Bottle 132,Frozen Foods,PureLife,1910.05,1081.25,14/09/2020
SKU10133,DailyChoice Plus Pack 133,Groceries,GoodBuy,1574.7,498.98,25/01/2023
SKU10134,DailyChoice Classic Pack 134,Groceries,PureLife,43.68,1668.22,28/11/2019
SKU10135,ValueMax Premium Set 135,Home & Kitchen,PureLife,2377.38,1991.59,03/12/2023
SKU10136,ValueMax Everyday Set 136,Dairy,SmartChoice,1125.04,3932.97,23/09/2025
SKU10137,HomePro Everyday Unit 137,Home & Kitchen,GoodBuy,596.3,178.04,25/04/2022
SKU10138,TechPlus Plus Box 138,Home & Kitchen,TechPlus,233.77,2372.89,11/03/2019
SKU10139,FreshMart Premium Set 139,Dairy,DailyChoice,948.58,2114.23,09/11/2020
SKU10140,HomePro Premium Unit 140,Frozen Foods,ValueMax,783.27,120.9,21/03/2019
SKU10141,PrimeSelect Plus Unit 141,Groceries,GoodBuy,758.92,1339.08,22/02/2022
SKU10142,TechPlus Everyday Bottle 142,Household,FreshMart,1987.14,1709.02,13/02/2021
SKU10143,ValueMax Max Box 143,Electronics,ValueMax,1621.88,1992.25,17/04/2024
SKU10144,TechPlus Premium Box 144,Frozen Foods,FreshMart,349.97,956.82,11/10/2024
SKU10145,GoodBuy Plus Bottle 145,Dairy,GoodBuy,1776.02,165.38,23/12/2021
SKU10146,UrbanHome Max Pack 146,Groceries,GoodBuy,1814.24,1196.56,10/09/2025
SKU10147,GoodBuy Everyday Unit 147,Household,FreshMart,1295.39,3350.36,28/01/2022
SKU10148,FreshMart Premium Bottle 148,Groceries,UrbanHome,2489.5,3237.2,24/10/2019
SKU10149,GoodBuy Classic Set 149,Dairy,ValueMax,723.03,747.58,20/03/2025
SKU10150,HomePro Plus Set 150,Home & Kitchen,FreshMart,164.97,2595.81,15/09/2021
SKU10151,DailyChoice Plus Bottle 151,Electronics,DailyChoice,91.44,3696.88,22/01/2025
SKU10152,HomePro Plus Bottle 152,Household,HomePro,814.96,713.27,10/01/2024
SKU10153,PureLife Classic Bottle 153,Personal Care,TechPlus,1254.84,540.85,07/06/2025
SKU10154,PrimeSelect Plus Pack 154,Dairy,GoodBuy,214.01,117.92,02/06/2023
SKU10155,ValueMax Plus Pack 155,Office Supplies,TechPlus,1423.18,1138.54,21/01/2023
SKU10156,HomePro Plus Set 156,Groceries,PureLife,2254.16,3261.39,06/08/2020
SKU10157,HomePro Plus Unit 157,Electronics,PrimeSelect,1996.22,3261.54,29/11/2020
SKU10158,GoodBuy Premium Unit 158,Dairy,HomePro,1687.72,2175.59,03/04/2021
SKU10159,DailyChoice Max Pack 159,Office Supplies,HomePro,1661.09,1354.25,13/02/2021
SKU10160,PureLife Classic Bottle 160,Personal Care,GoodBuy,1831.15,1464.92,25/01/2023
SKU10161,HomePro Max Bottle 161,Groceries,UrbanHome,1245.63,804.21,15/12/2024
SKU10162,UrbanHome Premium Unit 162,Dairy,PureLife,1016.46,585.22,30/03/2019
SKU10163,DailyChoice Classic Pack 163,Electronics,SmartChoice,780.51,384.16,27/03/2023
SKU10164,HomePro Everyday Box 164,Personal Care,PrimeSelect,267.05,3409.76,10/03/2024
SKU10165,ValueMax Plus Set 165,Frozen Foods,GoodBuy,1414.16,2867.93,13/01/2022
SKU10166,FreshMart Classic Pack 166,Snacks,PureLife,1191.84,2509.61,19/11/2020
SKU10167,PrimeSelect Plus Set 167,Office Supplies,ValueMax,314.88,2918.05,17/12/2021
SKU10168,GoodBuy Classic Box 168,Frozen Foods,ValueMax,685.31,599.61,01/09/2024
SKU10169,UrbanHome Everyday Unit 169,Household,GoodBuy,1972.26,1557.61,05/04/2025
SKU10170,HomePro Premium Bottle 170,Electronics,UrbanHome,653.9,3262.04,06/09/2023
SKU10171,UrbanHome Everyday Box 171,Dairy,UrbanHome,1075.78,3669.56,29/04/2022
SKU10172,HomePro Everyday Pack 172,Personal Care,UrbanHome,420.04,2066.99,02/06/2023
SKU10173,ValueMax Classic Pack 173,Groceries,HomePro,441.22,514.58,20/08/2023
SKU10174,FreshMart Plus Box 174,Household,PrimeSelect,1895.74,3914.71,02/04/2024
SKU10175,SmartChoice Classic Set 175,Dairy,PureLife,185.35,1598.26,31/13/2022
SKU10176,TechPlus Plus Unit 176,Electronics,GoodBuy,726.86,1296.41,07/07/2019
SKU10177,PureLife Premium Set 177,Personal Care,DailyChoice,2452.49,506.36,14/05/2021
SKU10178,GoodBuy Max Box 178,Home & Kitchen,HomePro,1200.21,80.14,11/10/2020
SKU10179,PureLife Everyday Set 179,Beverages,PrimeSelect,1523.41,1218.73,17/03/2023
SKU10180,TechPlus Premium Box 180,Groceries,TechPlus,1609.16,2461.35,28/07/2022
SKU10181,DailyChoice Max Box 181,Home & Kitchen,UrbanHome,506.42,959.94,15/04/2025
SKU10182,UrbanHome Premium Set 182,Frozen Foods,PureLife,935.97,673.09,26/04/2024
SKU10183,PureLife Plus Box 183,Personal Care,SmartChoice,1013.75,2126.19,05/01/2020
SKU10184,GoodBuy Premium Bottle 184,Personal Care,ValueMax,592.09,1758.57,23/10/2024
SKU10185,DailyChoice Everyday Bottle 185,Household,TechPlus,600.28,480.22,10/04/2024
SKU10186,UrbanHome Classic Bottle 186,Frozen Foods,PureLife,1527.52,896.38,13/08/2021
SKU10187,FreshMart Max Bottle 187,Beverages,PureLife,289.02,3441.44,25/05/2019
SKU10188,SmartChoice Plus Bottle 188,Electronics,TechPlus,340.28,3935.8,07/06/2024
SKU10189,GoodBuy Premium Box 189,Dairy,GoodBuy,1441.79,1441.66,27/04/2020
SKU10190,SmartChoice Classic Pack 190,Office Supplies,GoodBuy,1134.36,2801.58,04/07/2020
SKU10191,TechPlus Plus Unit 191,Groceries,FreshMart,1537.59,1230.07,22/03/2022
SKU10192,PureLife Premium Bottle 192,Office Supplies,PrimeSelect,86.86,136.94,26/07/2019
SKU10193,ValueMax Classic Box 193,Beverages,PrimeSelect,1768.19,3635.02,25/09/2021
SKU10194,FreshMart Max Box 194,Household,HomePro,2127.73,2011.62,08/09/2020
SKU10195,ValueMax Premium Pack 195,Beverages,HomePro,1319.87,2240.29,13/05/2019
SKU10196,DailyChoice Plus Unit 196,Personal Care,TechPlus,2105.28,2173.3,31/13/2022
SKU10197,SmartChoice Max Bottle 197,Snacks,ValueMax,1011.16,994.42,13/10/2020
SKU10198,HomePro Plus Unit 198,Office Supplies,GoodBuy,215.73,3135.5,22/09/2022
SKU10199,HomePro Premium Pack 199,Electronics,DailyChoice,956.31,2937.38,03/08/2024
SKU10200,UrbanHome Classic Unit 200,Household,SmartChoice,1126.99,410.3,18/04/2022
SKU10201,UrbanHome Max Set 201,Frozen Foods,FreshMart,2166.53,2264.28,02/01/2021
SKU10202,PrimeSelect Premium Box 202,Home & Kitchen,PrimeSelect,850.1,3829.39,02/02/2024
SKU10203,UrbanHome Classic Bottle 203,Office Supplies,PureLife,801.45,3488.5,27/09/2023
SKU10204,ValueMax Everyday Unit 204,Household,FreshMart,2222.28,1777.82,26/01/2019
SKU10205,PureLife Classic Unit 205,Dairy,GoodBuy,642.4,818.81,09/08/2024
SKU10206,SmartChoice Premium Unit 206,Electronics,UrbanHome,1613.27,1408.48,23/10/2019
SKU10207,PureLife Max Bottle 207,Home & Kitchen,GoodBuy,830.05,626.92,18/01/2024
SKU10208,HomePro Plus Box 208,Frozen Foods,PureLife,2379.61,3293.06,07/09/2019
SKU10209,TechPlus Classic Box 209,Home & Kitchen,SmartChoice,490.27,3121.32,13/06/2019
SKU10210,SmartChoice Everyday Pack 210,Beverages,FreshMart,1815.37,3644.12,01/11/2019
SKU10211,SmartChoice Plus Set 211,Groceries,HomePro,1384.16,281.68,26/01/2024
SKU10212,DailyChoice Max Unit 212,Dairy,DailyChoice,2447.2,3859.91,31/13/2022
SKU10213,FreshMart Classic Bottle 213,Beverages,PrimeSelect,2485.26,3866.72,12/02/2023
SKU10214,UrbanHome Everyday Box 214,Electronics,TechPlus,1988.37,2707.41,02/12/2020
SKU10215,PrimeSelect Classic Set 215,Personal Care,FreshMart,276.57,3530.54,27/10/2019
SKU10216,UrbanHome Everyday Unit 216,Snacks,PrimeSelect,1183.14,1770.6,18/05/2024
SKU10217,DailyChoice Everyday Set 217,Dairy,DailyChoice,2139.19,1274.22,12/09/2024
SKU10218,HomePro Max Bottle 218,Dairy,GoodBuy,1603.44,642.84,28/09/2024
SKU10219,UrbanHome Premium Set 219,Personal Care,PrimeSelect,2199.84,155.37,12/06/2019
SKU10220,GoodBuy Classic Set 220,Home & Kitchen,UrbanHome,2002.43,196.73,01/05/2025
SKU10221,SmartChoice Everyday Set 221,Office Supplies,PrimeSelect,796.14,2775.52,16/09/2022
SKU10222,SmartChoice Max Pack 222,Beverages,GoodBuy,503.76,1366.2,05/05/2020
SKU10223,ValueMax Max Box 223,Snacks,PureLife,819.96,244.62,11/05/2020
SKU10224,UrbanHome Premium Unit 224,Office Supplies,FreshMart,1745.94,475.44,11/06/2022
SKU10225,UrbanHome Everyday Pack 225,Frozen Foods,GoodBuy,1213.04,2671.18,17/02/2023
SKU10226,DailyChoice Classic Box 226,Beverages,GoodBuy,128.74,3756.56,02/05/2019
SKU10227,DailyChoice Plus Pack 227,Household,GoodBuy,1861.34,1649.67,25/05/2022
SKU10228,UrbanHome Premium Bottle 228,Snacks,ValueMax,130.85,3117.3,22/08/2020
SKU10229,DailyChoice Everyday Unit 229,Personal Care,SmartChoice,1035.07,3895.12,13/04/2025
SKU10230,TechPlus Everyday Unit 230,Household,GoodBuy,1166.47,2841.95,18/03/2023
SKU10231,TechPlus Plus Bottle 231,Snacks,DailyChoice,1267.51,2900.34,18/07/2021
SKU10232,DailyChoice Premium Pack 232,Groceries,TechPlus,364.95,2475.13,21/11/2021
SKU10233,PureLife Premium Pack 233,Home & Kitchen,FreshMart,1874.52,3911.38,24/09/2024
SKU10234,DailyChoice Plus Bottle 234,Electronics,GoodBuy,2126.44,1220.23,23/09/2023
SKU10235,GoodBuy Premium Box 235,Home & Kitchen,GoodBuy,1750.79,3138.46,26/08/2021
SKU10236,HomePro Everyday Unit 236,Household,GoodBuy,2378.66,1677.86,29/09/2024
SKU10237,SmartChoice Plus Set 237,Groceries,GoodBuy,658.6,647.02,04/04/2023
SKU10238,HomePro Classic Pack 238,Personal Care,HomePro,418.61,2965.31,29/05/2019
SKU10239,HomePro Plus Bottle 239,Household,DailyChoice,186.89,3322.73,26/04/2023
SKU10240,HomePro Premium Bottle 240,Electronics,UrbanHome,1809.37,3458.49,04/06/2025
SKU10241,PureLife Everyday Bottle 241,Electronics,TechPlus,422.03,3689.86,28/11/2024
SKU10242,SmartChoice Everyday Bottle 242,Office Supplies,FreshMart,2346.69,2987.3,17/04/2019
SKU10243,GoodBuy Max Pack 243,Frozen Foods,SmartChoice,1503.91,2124.65,13/01/2025
SKU10244,FreshMart Everyday Pack 244,Dairy,PureLife,2014.26,3756.62,20/09/2025
SKU10245,GoodBuy Premium Box 245,Home & Kitchen,HomePro,1098.05,861.98,11/02/2020
SKU10246,ValueMax Premium Set 246,Snacks,ValueMax,1842.42,336.92,14/05/2023
SKU10247,FreshMart Everyday Set 247,Dairy,TechPlus,1120.25,1743.55,02/03/2024
SKU10248,SmartChoice Premium Set 248,Personal Care,UrbanHome,1356.13,2341.41,19/04/2019
SKU10249,SmartChoice Premium Bottle 249,Electronics,HomePro,1938.48,2729.56,31/08/2024
SKU10250,ValueMax Premium Bottle 250,Office Supplies,PrimeSelect,610.62,3267.23,11/09/2021
SKU10251,SmartChoice Everyday Pack 251,Snacks,TechPlus,2213.58,136.22,18/01/2021
SKU10252,UrbanHome Everyday Set 252,Frozen Foods,TechPlus,1796.42,3214.12,31/13/2022
SKU10253,SmartChoice Classic Bottle 253,Electronics,TechPlus,1871.42,2412.51,18/06/2022
SKU10254,GoodBuy Classic Pack 254,Electronics,SmartChoice,610.64,3813.2,19/06/2024
SKU10255,DailyChoice Classic Pack 255,Home & Kitchen,ValueMax,243.52,1411.15,15/08/2024
SKU10256,GoodBuy Max Bottle 256,Office Supplies,HomePro,200.68,2479.4,17/07/2020
SKU10257,PureLife Premium Pack 257,Personal Care,TechPlus,1624.6,3073.2,29/08/2024
SKU10258,GoodBuy Everyday Set 258,Personal Care,TechPlus,392.01,2080.09,27/08/2024
SKU10259,ValueMax Classic Unit 259,Dairy,ValueMax,2497.99,648.95,03/06/2019
SKU10260,SmartChoice Premium Pack 260,Electronics,GoodBuy,2403.4,227.71,19/02/2021
SKU10261,FreshMart Premium Box 261,Dairy,GoodBuy,92.36,472.26,07/02/2019
SKU10262,UrbanHome Everyday Pack 262,Office Supplies,TechPlus,1818.14,1994.77,08/10/2025
SKU10263,UrbanHome Max Set 263,Personal Care,HomePro,666.71,2569.25,26/03/2022
SKU10264,PrimeSelect Plus Set 264,Dairy,GoodBuy,865.43,2294.97,07/11/2020
SKU10265,HomePro Classic Bottle 265,Personal Care,UrbanHome,615.97,2860.28,13/02/2025
SKU10266,HomePro Plus Box 266,Groceries,SmartChoice,2079.75,184.81,09/09/2023
SKU10267,DailyChoice Premium Set 267,Electronics,PureLife,2236.51,571.27,08/06/2025
SKU10268,ValueMax Everyday Box 268,Household,FreshMart,120.2,3051.73,23/06/2024
SKU10269,ValueMax Plus Set 269,Personal Care,PrimeSelect,689.69,3131.29,16/07/2025
SKU10270,PureLife Premium Unit 270,Office Supplies,DailyChoice,1132.77,2818.11,25/06/2020
SKU10271,HomePro Plus Bottle 271,Snacks,PrimeSelect,1314.12,2989.36,25/05/2020
SKU10272,PureLife Plus Box 272,Electronics,TechPlus,237.36,3854.86,09/07/2019
SKU10273,TechPlus Premium Set 273,Beverages,DailyChoice,2078.47,3778.55,07/05/2021
SKU10274,SmartChoice Classic Pack 274,Frozen Foods,GoodBuy,2336.27,2588.59,10/10/2022
SKU10275,ValueMax Classic Pack 275,Office Supplies,GoodBuy,1019.11,1297.76,13/11/2022
SKU10276,PrimeSelect Classic Pack 276,Snacks,ValueMax,2145.94,86.02,20/08/2023
SKU10277,PureLife Premium Pack 277,Personal Care,UrbanHome,1697.36,2537.48,08/01/2024
SKU10278,PureLife Classic Box 278,Frozen Foods,SmartChoice,1487.52,1742.28,05/08/2024
SKU10279,HomePro Premium Box 279,Groceries,TechPlus,2051.24,613.7,23/07/2022
SKU10280,PrimeSelect Max Set 280,Snacks,PrimeSelect,1193.11,884.57,12/11/2020
SKU10281,TechPlus Everyday Pack 281,Dairy,ValueMax,1378.34,3748.02,03/01/2022
SKU10282,HomePro Everyday Bottle 282,Snacks,SmartChoice,701.17,292.9,20/12/2024
SKU10283,UrbanHome Max Set 283,Household,PrimeSelect,1786.22,3156.26,01/08/2024
SKU10284,ValueMax Classic Box 284,Frozen Foods,FreshMart,414.47,3611.14,08/04/2025
SKU10285,ValueMax Plus Set 285,Home & Kitchen,HomePro,623.04,2762.74,12/09/2022
SKU10286,UrbanHome Everyday Box 286,Dairy,FreshMart,1210.2,273.53,01/05/2024
SKU10287,PrimeSelect Everyday Bottle 287,Household,DailyChoice,975.57,3388.04,29/10/2021
SKU10288,SmartChoice Premium Pack 288,Office Supplies,HomePro,614.15,2623.56,19/01/2019
SKU10289,PureLife Premium Bottle 289,Electronics,TechPlus,495.88,1129.82,03/02/2024
SKU10290,TechPlus Classic Set 290,Personal Care,ValueMax,2155.02,2529.73,07/08/2019
SKU10291,TechPlus Everyday Pack 291,Personal Care,FreshMart,1485.33,1188.26,08/05/2023
SKU10292,GoodBuy Classic Set 292,Groceries,DailyChoice,955.93,2839.36,30/10/2025
SKU10293,PureLife Max Unit 293,Electronics,DailyChoice,2117.54,3614.89,06/03/2019
SKU10294,HomePro Classic Bottle 294,Home & Kitchen,DailyChoice,2066.4,2101.07,09/01/2024
SKU10295,SmartChoice Plus Set 295,Groceries,TechPlus,295,3809.86,10/12/2024
SKU10296,PrimeSelect Premium Box 296,Household,TechPlus,1426.87,1769.24,16/04/2023
SKU10297,GoodBuy Classic Unit 297,Home & Kitchen,HomePro,777.92,3434.54,21/09/2023
SKU10298,PureLife Everyday Box 298,Frozen Foods,HomePro,1361.27,3101.38,03/03/2025
SKU10299,ValueMax Premium Set 299,Dairy,TechPlus,1800.64,381.07,27/04/2024
SKU10300,PrimeSelect Everyday Bottle 300,Dairy,PrimeSelect,41.1,3653.23,10/04/2019
SKU10301,PrimeSelect Everyday Box 301,Snacks,PureLife,1293.65,3644.4,19/04/2024
SKU10302,UrbanHome Max Set 302,Office Supplies,UrbanHome,743.5,1425.12,08/03/2024
SKU10303,PrimeSelect Premium Unit 303,Home & Kitchen,HomePro,1344.35,3179.95,24/07/2020
SKU10304,ValueMax Plus Pack 304,Home & Kitchen,DailyChoice,292.41,921.81,25/06/2023
SKU10305,TechPlus Classic Box 305,Household,DailyChoice,2047.56,150.66,05/10/2024
SKU10306,GoodBuy Plus Set 306,Home & Kitchen,GoodBuy,1368.3,855.51,21/10/2024
SKU10307,DailyChoice Plus Unit 307,Beverages,GoodBuy,543.44,1951.43,17/12/2024
SKU10308,HomePro Plus Bottle 308,Office Supplies,PureLife,1928.82,259.34,28/04/2024
SKU10309,PrimeSelect Classic Unit 309,Personal Care,TechPlus,113.7,665.22,02/11/2019
SKU10310,UrbanHome Everyday Pack 310,Frozen Foods,FreshMart,1490.2,3803.24,27/04/2022
SKU10311,PrimeSelect Max Unit 311,Groceries,SmartChoice,1264.37,1990.55,05/08/2020
SKU10312,HomePro Everyday Bottle 312,Electronics,HomePro,118.32,3297.71,27/06/2019
SKU10313,ValueMax Plus Unit 313,Office Supplies,SmartChoice,639.27,850.29,31/13/2022
SKU10314,HomePro Premium Unit 314,Groceries,GoodBuy,211.31,381.43,23/03/2025
SKU10315,HomePro Max Pack 315,Household,SmartChoice,1836.32,3128.78,04/02/2023
SKU10316,UrbanHome Plus Set 316,Snacks,GoodBuy,1770.31,1414.87,23/03/2024
SKU10317,SmartChoice Plus Pack 317,Electronics,DailyChoice,241.46,1855.42,11/06/2022
SKU10318,HomePro Max Unit 318,Household,PrimeSelect,290.83,3968.75,09/06/2021
SKU10319,DailyChoice Premium Box 319,Office Supplies,TechPlus,2203.1,1286.63,22/04/2022
SKU10320,PureLife Max Set 320,Home & Kitchen,UrbanHome,518.1,1908.39,25/09/2025
SKU10321,UrbanHome Classic Bottle 321,Electronics,HomePro,773.08,2550.2,18/12/2020
SKU10322,ValueMax Premium Pack 322,Household,DailyChoice,1717.01,383.6,16/02/2021
SKU10323,PrimeSelect Premium Box 323,Electronics,DailyChoice,170.59,2874.24,18/10/2024
SKU10324,PrimeSelect Plus Set 324,Personal Care,ValueMax,2370.19,1823.37,15/07/2021
SKU10325,PrimeSelect Max Pack 325,Snacks,FreshMart,77.06,724.81,09/03/2025
SKU10326,FreshMart Plus Pack 326,Home & Kitchen,PrimeSelect,2125.87,1739.25,02/09/2025
SKU10327,FreshMart Premium Pack 327,Household,DailyChoice,915.05,1858.85,15/06/2019
SKU10328,TechPlus Plus Pack 328,Electronics,PureLife,392.1,2573.73,29/07/2023
SKU10329,SmartChoice Plus Unit 329,Groceries,ValueMax,956.18,3750.42,24/08/2019
SKU10330,PureLife Everyday Box 330,Snacks,HomePro,2432.65,3067.31,06/01/2025
SKU10331,FreshMart Everyday Set 331,Personal Care,GoodBuy,1331.86,1548.33,16/10/2019
SKU10332,PrimeSelect Max Pack 332,Snacks,PureLife,167.01,3879.5,28/01/2025
SKU10333,PureLife Premium Bottle 333,Personal Care,DailyChoice,2355.02,3169.6,07/04/2024
SKU10334,HomePro Max Set 334,Household,PureLife,376.03,140.97,03/09/2022
SKU10335,ValueMax Everyday Box 335,Groceries,FreshMart,155.63,492.85,03/06/2020
SKU10336,HomePro Plus Bottle 336,Household,FreshMart,132.66,895.5,29/10/2020
SKU10337,FreshMart Max Pack 337,Office Supplies,HomePro,2069.31,361.51,14/12/2021
SKU10338,FreshMart Classic Pack 338,Snacks,FreshMart,399.49,1957.15,19/10/2024
SKU10339,ValueMax Classic Set 339,Personal Care,TechPlus,463.88,1382.65,22/02/2025
SKU10340,HomePro Max Set 340,Frozen Foods,SmartChoice,2361.41,3892.51,08/06/2022
SKU10341,ValueMax Plus Box 341,Office Supplies,PureLife,1536.8,1906.76,05/08/2020
SKU10342,PrimeSelect Max Unit 342,Dairy,UrbanHome,727.84,872.25,11/11/2022
SKU10343,PureLife Premium Unit 343,Groceries,TechPlus,1474.41,3883.8,10/09/2024
SKU10344,PureLife Premium Unit 344,Frozen Foods,GoodBuy,622.87,498.3,15/09/2022
SKU10345,HomePro Classic Pack 345,Personal Care,PrimeSelect,1245.78,320.05,04/02/2025
SKU10346,HomePro Max Set 346,Groceries,ValueMax,849.86,351.07,24/01/2019
SKU10347,SmartChoice Plus Bottle 347,Snacks,SmartChoice,1564.11,2710.91,08/06/2022
SKU10348,DailyChoice Max Box 348,Household,SmartChoice,1901.85,1994.34,25/04/2019
SKU10349,DailyChoice Classic Unit 349,Groceries,PureLife,884.3,2508.2,10/03/2023
SKU10350,SmartChoice Max Bottle 350,Groceries,TechPlus,376.9,3403.15,21/03/2023
SKU10351,UrbanHome Plus Set 351,Frozen Foods,GoodBuy,902.24,2735.09,19/02/2021
SKU10352,HomePro Max Box 352,Snacks,GoodBuy,1900.22,3451.31,09/06/2024
SKU10353,SmartChoice Everyday Bottle 353,Dairy,SmartChoice,1971.96,2978.47,06/07/2025
SKU10354,UrbanHome Classic Unit 354,Office Supplies,PrimeSelect,1968.17,2707.37,16/02/2022
SKU10355,GoodBuy Everyday Bottle 355,Beverages,TechPlus,2436.94,564.75,23/12/2021
SKU10356,FreshMart Plus Bottle 356,Groceries,SmartChoice,2065.46,1946.83,21/04/2020
SKU10357,PrimeSelect Max Pack 357,Groceries,ValueMax,2422.06,1749.38,12/03/2019
SKU10358,SmartChoice Premium Pack 358,Frozen Foods,ValueMax,1574.45,2176.56,13/10/2021
SKU10359,UrbanHome Classic Unit 359,Groceries,PrimeSelect,588.78,1582.84,08/01/2022
SKU10360,DailyChoice Premium Bottle 360,Dairy,PureLife,1528.33,2493.14,04/04/2024
SKU10361,GoodBuy Classic Bottle 361,Frozen Foods,SmartChoice,510.63,1588.05,25/11/2024
SKU10362,UrbanHome Premium Pack 362,Dairy,ValueMax,231.61,2243.74,29/09/2019
SKU10363,DailyChoice Max Set 363,Snacks,DailyChoice,767.28,1597.65,17/01/2020
SKU10364,SmartChoice Max Bottle 364,Dairy,FreshMart,919.68,3610.02,01/11/2022
SKU10365,ValueMax Everyday Set 365,Home & Kitchen,HomePro,1778.04,1512.46,27/07/2021
SKU10366,GoodBuy Plus Bottle 366,Groceries,FreshMart,920.43,2931.8,22/10/2023
SKU10367,PureLife Plus Box 367,Office Supplies,PrimeSelect,27.81,2466.53,17/03/2021
SKU10368,GoodBuy Premium Pack 368,Dairy,GoodBuy,2294.01,1835.21,05/11/2021
SKU10369,GoodBuy Max Unit 369,Office Supplies,FreshMart,1481.72,3236.3,15/01/2022
SKU10370,HomePro Plus Pack 370,Electronics,PrimeSelect,542.68,434.14,12/02/2023
SKU10371,TechPlus Max Unit 371,Electronics,FreshMart,645.67,3049.12,24/06/2019
SKU10372,DailyChoice Classic Pack 372,Household,DailyChoice,327.87,3795.89,17/01/2025
SKU10373,TechPlus Classic Box 373,Snacks,SmartChoice,2268.24,1762.14,27/04/2021
SKU10374,HomePro Premium Set 374,Household,HomePro,590.92,3657.55,16/06/2020
SKU10375,ValueMax Plus Box 375,Frozen Foods,FreshMart,2352.8,3508.61,21/05/2023
SKU10376,HomePro Everyday Set 376,Personal Care,ValueMax,675.49,3056.68,04/12/2019
SKU10377,PureLife Premium Unit 377,Beverages,ValueMax,2002.14,3345.75,15/01/2023
SKU10378,HomePro Plus Box 378,Household,DailyChoice,45.92,2928.63,02/06/2019
SKU10379,FreshMart Plus Bottle 379,Personal Care,PureLife,1218.52,2063.86,21/10/2020
SKU10380,ValueMax Premium Bottle 380,Electronics,UrbanHome,935.65,2223.1,21/12/2023
SKU10381,TechPlus Everyday Pack 381,Office Supplies,GoodBuy,849.77,1688.22,18/07/2021
SKU10382,UrbanHome Premium Box 382,Personal Care,TechPlus,2480.55,2667.24,01/03/2025
SKU10383,FreshMart Plus Unit 383,Snacks,TechPlus,1807.75,1319.42,08/06/2021
SKU10384,TechPlus Everyday Pack 384,Personal Care,GoodBuy,654.33,2966.45,22/09/2023
SKU10385,SmartChoice Premium Unit 385,Beverages,PrimeSelect,1886.06,2035.31,16/03/2019
SKU10386,PureLife Plus Bottle 386,Electronics,PureLife,341.33,1432.16,07/09/2025
SKU10387,TechPlus Premium Bottle 387,Personal Care,FreshMart,2316.3,614.49,20/03/2023
SKU10388,TechPlus Plus Set 388,Household,SmartChoice,1077.44,1044.44,06/11/2023
SKU10389,FreshMart Everyday Bottle 389,Office Supplies,DailyChoice,492.84,2571.6,24/03/2021
SKU10390,GoodBuy Everyday Bottle 390,Home & Kitchen,SmartChoice,696.59,1498.3,22/12/2020
SKU10391,FreshMart Everyday Set 391,Dairy,TechPlus,404.77,161.68,27/12/2021
SKU10392,SmartChoice Everyday Set 392,Electronics,DailyChoice,2327.78,1339.06,30/09/2020
SKU10393,TechPlus Max Bottle 393,Electronics,GoodBuy,778.62,1484.44,21/02/2019
SKU10394,HomePro Classic Unit 394,Electronics,PrimeSelect,374.27,960.17,25/07/2023
SKU10395,PrimeSelect Everyday Bottle 395,Personal Care,HomePro,2035.99,1166.67,27/11/2023
SKU10396,PrimeSelect Classic Box 396,Dairy,ValueMax,548.88,2828.56,17/08/2023
SKU10397,PrimeSelect Everyday Bottle 397,Snacks,PureLife,253.49,2992.68,16/10/2022
SKU10398,ValueMax Plus Box 398,Beverages,DailyChoice,1677.62,3836.83,02/08/2022
SKU10399,ValueMax Plus Pack 399,Beverages,PrimeSelect,38.37,498.81,29/09/2025
SKU10400,PureLife Plus Pack 400,Frozen Foods,GoodBuy,2084.4,1267.55,10/08/2022
SKU10401,UrbanHome Max Set 401,Beverages,PrimeSelect,1415.52,335.87,31/10/2023
SKU10402,ValueMax Everyday Box 402,Frozen Foods,UrbanHome,632.11,2464.82,31/13/2022
SKU10403,PureLife Classic Unit 403,Frozen Foods,SmartChoice,1194.51,95.06,24/03/2019
SKU10404,ValueMax Classic Box 404,Dairy,GoodBuy,670.79,845.26,24/05/2021
SKU10405,TechPlus Max Bottle 405,Personal Care,GoodBuy,1341.49,2360.31,09/12/2023
SKU10406,PrimeSelect Classic Pack 406,Household,SmartChoice,1437.68,1150.14,05/05/2023
SKU10407,ValueMax Plus Bottle 407,Household,SmartChoice,1933.77,1547.02,01/10/2023
SKU10408,PrimeSelect Max Bottle 408,Household,PureLife,1175.9,2571.74,12/02/2024
SKU10409,GoodBuy Classic Set 409,Household,GoodBuy,1970.86,1576.69,29/06/2020
SKU10410,UrbanHome Plus Pack 410,Office Supplies,SmartChoice,191.72,1589.71,26/07/2024
SKU10411,ValueMax Everyday Pack 411,Personal Care,PureLife,2304.93,1137.22,22/11/2023
SKU10412,PrimeSelect Classic Box 412,Snacks,SmartChoice,480.06,384.05,08/02/2021
SKU10413,SmartChoice Plus Unit 413,Household,ValueMax,2094.71,306.63,13/06/2022
SKU10414,HomePro Premium Pack 414,Groceries,DailyChoice,1246.69,196.4,14/11/2024
SKU10415,TechPlus Classic Box 415,Groceries,PrimeSelect,279.7,1825.38,22/02/2020
SKU10416,FreshMart Classic Box 416,Beverages,TechPlus,912.31,895.77,26/01/2021
SKU10417,UrbanHome Classic Pack 417,Electronics,HomePro,2297.46,58.65,25/04/2020
SKU10418,PureLife Everyday Box 418,Groceries,PrimeSelect,2090.09,2727.1,01/02/2021
SKU10419,HomePro Premium Bottle 419,Snacks,ValueMax,1811.34,3270.14,26/05/2020
SKU10420,PureLife Everyday Set 420,Beverages,UrbanHome,962.02,617.08,08/07/2024
SKU10421,ValueMax Premium Set 421,Dairy,TechPlus,1480.2,2268.69,13/10/2025
SKU10422,DailyChoice Everyday Box 422,Household,DailyChoice,595.66,3936.42,20/08/2025
SKU10423,ValueMax Max Pack 423,Groceries,UrbanHome,1626.65,1096.96,14/06/2021
SKU10424,ValueMax Max Unit 424,Dairy,HomePro,667.13,2931.33,19/05/2025
SKU10425,ValueMax Premium Unit 425,Household,ValueMax,2075.94,673.55,24/07/2019
SKU10426,UrbanHome Classic Set 426,Dairy,ValueMax,1767.16,3730.41,05/10/2019
SKU10427,TechPlus Premium Pack 427,Household,PureLife,977.5,31.72,24/03/2021
SKU10428,HomePro Premium Set 428,Groceries,TechPlus,1655.52,1200.08,22/12/2020
SKU10429,PureLife Premium Unit 429,Beverages,PureLife,826.34,3906.44,31/13/2022
SKU10430,FreshMart Classic Bottle 430,Personal Care,PrimeSelect,406.02,2692.64,14/03/2024
SKU10431,TechPlus Everyday Pack 431,Office Supplies,ValueMax,603.26,871.03,27/02/2024
SKU10432,PureLife Everyday Set 432,Snacks,GoodBuy,693.79,3171.72,08/07/2024
SKU10433,ValueMax Premium Pack 433,Beverages,HomePro,582.01,3595.4,19/12/2023
SKU10434,GoodBuy Max Bottle 434,Groceries,SmartChoice,1702.32,1964.47,14/06/2022
SKU10435,PureLife Everyday Set 435,Dairy,PureLife,1854.36,649.41,27/05/2019
SKU10436,PrimeSelect Premium Unit 436,Dairy,DailyChoice,1153.71,1056.61,10/02/2019
SKU10437,HomePro Premium Box 437,Household,HomePro,2469.73,3774.16,05/09/2025
SKU10438,GoodBuy Classic Box 438,Beverages,SmartChoice,2229.73,669.58,08/06/2022
SKU10439,ValueMax Classic Box 439,Snacks,UrbanHome,235.88,1268.27,10/07/2025
SKU10440,GoodBuy Classic Set 440,Beverages,GoodBuy,1161.92,607.78,19/03/2019
SKU10441,DailyChoice Max Bottle 441,Electronics,SmartChoice,2273.02,449.26,09/05/2023
SKU10442,TechPlus Premium Box 442,Personal Care,SmartChoice,566.26,2102.44,04/12/2020
SKU10443,HomePro Plus Bottle 443,Dairy,GoodBuy,958.42,1604.94,31/13/2022
SKU10444,GoodBuy Everyday Bottle 444,Groceries,DailyChoice,2368.43,213.29,01/07/2023
SKU10445,TechPlus Everyday Bottle 445,Household,UrbanHome,1944.63,606.42,23/05/2022
SKU10446,DailyChoice Premium Set 446,Beverages,PrimeSelect,2084.17,179.5,03/12/2019
SKU10447,FreshMart Classic Unit 447,Beverages,DailyChoice,2201.12,127.62,04/11/2025
SKU10448,PrimeSelect Max Unit 448,Home & Kitchen,UrbanHome,444.52,738.53,17/11/2023
SKU10449,TechPlus Max Box 449,Electronics,HomePro,1754.2,2982.29,20/06/2021
SKU10450,FreshMart Premium Box 450,Dairy,ValueMax,2010.95,88.64,03/04/2023
SKU10451,UrbanHome Max Set 451,Dairy,FreshMart,581.67,1238.78,14/01/2020
SKU10452,UrbanHome Plus Unit 452,Dairy,PureLife,127.53,2272.21,10/12/2021
SKU10453,PrimeSelect Classic Unit 453,Personal Care,TechPlus,462.32,2982.5,28/11/2021
SKU10454,UrbanHome Max Set 454,Home & Kitchen,TechPlus,1858.68,2721.23,19/07/2021
SKU10455,PureLife Plus Bottle 455,Office Supplies,UrbanHome,1741.84,3954.05,24/04/2022
SKU10456,FreshMart Premium Pack 456,Home & Kitchen,DailyChoice,2231.48,1124.24,05/04/2025
SKU10457,TechPlus Classic Bottle 457,Beverages,SmartChoice,806.04,30.55,18/01/2019
SKU10458,GoodBuy Everyday Set 458,Electronics,DailyChoice,1561.93,181.73,14/10/2022
SKU10459,TechPlus Max Bottle 459,Home & Kitchen,SmartChoice,86.45,417.15,09/06/2025
SKU10460,PureLife Max Pack 460,Dairy,ValueMax,2339.01,3901.69,31/01/2025
SKU10461,ValueMax Classic Box 461,Electronics,HomePro,1395.14,2293.09,21/02/2025
SKU10462,DailyChoice Premium Set 462,Beverages,SmartChoice,1876,3203.49,28/10/2021
SKU10463,TechPlus Plus Unit 463,Groceries,HomePro,723.86,3940.76,18/11/2022
SKU10464,SmartChoice Plus Bottle 464,Home & Kitchen,PrimeSelect,223.25,3381.74,26/01/2023
SKU10465,PureLife Classic Box 465,Office Supplies,PureLife,175.8,1648.24,25/09/2024
SKU10466,ValueMax Plus Bottle 466,Electronics,DailyChoice,2040.36,3507.25,14/07/2025
SKU10467,TechPlus Plus Box 467,Office Supplies,HomePro,396.83,1751.99,29/09/2020
SKU10468,GoodBuy Premium Box 468,Personal Care,FreshMart,2063.52,482.45,07/11/2019
SKU10469,SmartChoice Premium Bottle 469,Groceries,FreshMart,677.86,2206.08,24/10/2020
SKU10470,SmartChoice Max Box 470,Dairy,HomePro,1362.35,3665.52,18/10/2020
SKU10471,SmartChoice Premium Pack 471,Frozen Foods,PrimeSelect,669.55,3144.62,20/01/2021
SKU10472,TechPlus Plus Set 472,Home & Kitchen,DailyChoice,144.21,1625.65,10/04/2025
SKU10473,FreshMart Classic Unit 473,Frozen Foods,ValueMax,1364.85,3423.82,22/06/2020
SKU10474,SmartChoice Max Pack 474,Beverages,UrbanHome,930.46,1872.8,21/11/2021
SKU10475,DailyChoice Classic Unit 475,Personal Care,UrbanHome,1099.07,2747.76,13/06/2021
SKU10476,PureLife Plus Set 476,Office Supplies,DailyChoice,1511.87,1352.55,11/11/2020
SKU10477,PrimeSelect Max Set 477,Office Supplies,UrbanHome,797.88,803.01,06/05/2020
SKU10478,PrimeSelect Everyday Unit 478,Office Supplies,DailyChoice,1418.24,1274.48,29/10/2025
SKU10479,HomePro Premium Pack 479,Office Supplies,DailyChoice,1651.28,3504.4,16/04/2023
SKU10480,ValueMax Plus Set 480,Dairy,ValueMax,242.07,3959.39,13/09/2019
SKU10481,ValueMax Everyday Bottle 481,Frozen Foods,ValueMax,888.24,1077.75,26/06/2023
SKU10482,GoodBuy Classic Box 482,Personal Care,DailyChoice,243.07,194.46,09/03/2023
SKU10483,ValueMax Plus Unit 483,Groceries,TechPlus,37.2,312.2,16/06/2021
SKU10484,PrimeSelect Plus Set 484,Electronics,TechPlus,147.05,3022.66,24/05/2024
SKU10485,UrbanHome Premium Unit 485,Electronics,ValueMax,1488.69,2126.16,28/06/2024
SKU10486,GoodBuy Premium Unit 486,Electronics,GoodBuy,229.08,2237.72,20/05/2024
SKU10487,PureLife Plus Set 487,Frozen Foods,PrimeSelect,2173.88,209.47,17/05/2023
SKU10488,PrimeSelect Plus Bottle 488,Groceries,PureLife,1903.42,351.8,09/01/2022
SKU10489,PrimeSelect Classic Unit 489,Electronics,SmartChoice,41.87,3661.05,01/06/2020
SKU10490,PureLife Premium Unit 490,Electronics,GoodBuy,1441.65,2319.62,20/04/2019
SKU10491,PureLife Max Pack 491,Beverages,PrimeSelect,45.42,900.25,14/04/2025
SKU10492,GoodBuy Max Unit 492,Beverages,TechPlus,290.8,853.62,03/10/2024
SKU10493,PrimeSelect Plus Unit 493,Home & Kitchen,FreshMart,2470.86,986.39,18/05/2020
SKU10494,DailyChoice Classic Pack 494,Household,PrimeSelect,1153.42,283.12,29/06/2024
SKU10495,FreshMart Classic Unit 495,Personal Care,FreshMart,87.48,227.56,30/04/2019
SKU10496,SmartChoice Everyday Pack 496,Office Supplies,FreshMart,2128.78,2888.34,16/08/2020
SKU10497,PrimeSelect Everyday Unit 497,Dairy,GoodBuy,2295.02,1077.11,11/01/2020
SKU10498,HomePro Everyday Unit 498,Household,HomePro,1379.99,1556.33,01/05/2021
SKU10499,ValueMax Classic Set 499,Beverages,UrbanHome,1770.74,2163.33,10/03/2021
SKU10500,SmartChoice Premium Bottle 500,Home & Kitchen,PrimeSelect,1954.7,1300.65,05/07/2022
SKU10501,GoodBuy Max Box 501,Electronics,HomePro,1841.99,1930.78,31/13/2022
SKU10502,GoodBuy Everyday Set 502,Snacks,PureLife,1246.41,3464.09,13/10/2019
SKU10503,TechPlus Plus Set 503,Electronics,HomePro,2085.06,999.07,10/01/2020
SKU10504,GoodBuy Max Pack 504,Snacks,DailyChoice,1327.77,3171.3,13/08/2024
SKU10505,SmartChoice Plus Set 505,Home & Kitchen,FreshMart,663.57,1077.88,02/10/2022
SKU10506,GoodBuy Everyday Set 506,Dairy,FreshMart,30.09,772.18,24/04/2025
SKU10507,HomePro Plus Bottle 507,Dairy,PrimeSelect,909.3,318.46,23/11/2019
SKU10508,PrimeSelect Everyday Bottle 508,Frozen Foods,DailyChoice,224.81,2746.28,09/02/2021
SKU10509,UrbanHome Classic Unit 509,Home & Kitchen,DailyChoice,176.93,1664.19,30/01/2020
SKU10510,FreshMart Classic Set 510,Office Supplies,PureLife,1183.68,3088.59,29/04/2025
SKU10511,SmartChoice Classic Pack 511,Office Supplies,SmartChoice,2360.31,556.7,02/02/2020
SKU10512,DailyChoice Everyday Unit 512,Electronics,SmartChoice,281.68,2425.3,25/06/2024
SKU10513,ValueMax Classic Box 513,Snacks,FreshMart,698.9,81.56,25/04/2020
SKU10514,DailyChoice Everyday Box 514,Household,TechPlus,2078.59,958.31,25/12/2023
SKU10515,UrbanHome Plus Bottle 515,Groceries,HomePro,1016.54,2450.3,12/02/2022
SKU10516,ValueMax Classic Bottle 516,Groceries,GoodBuy,1901.83,252.47,19/08/2025
SKU10517,GoodBuy Plus Bottle 517,Home & Kitchen,GoodBuy,1364.99,1527.6,24/06/2019
SKU10518,SmartChoice Max Bottle 518,Frozen Foods,FreshMart,1517.75,2259.8,22/03/2021
SKU10519,FreshMart Premium Set 519,Frozen Foods,PrimeSelect,419.64,2918.52,13/12/2023
SKU10520,DailyChoice Max Box 520,Household,PureLife,893.66,2831.45,08/04/2025
SKU10521,UrbanHome Classic Unit 521,Home & Kitchen,PrimeSelect,1561.95,618.28,09/09/2022
SKU10522,TechPlus Classic Set 522,Home & Kitchen,ValueMax,86.39,328.43,04/09/2019
SKU10523,DailyChoice Max Pack 523,Snacks,PureLife,487.05,1524.14,23/04/2023
SKU10524,HomePro Classic Set 524,Groceries,ValueMax,978.51,986,10/04/2022
SKU10525,PrimeSelect Max Bottle 525,Personal Care,ValueMax,1692.99,1243.59,21/04/2024
SKU10526,FreshMart Premium Set 526,Household,SmartChoice,1283.78,1389.66,12/10/2022
SKU10527,SmartChoice Premium Box 527,Personal Care,UrbanHome,1802.46,1606.8,22/02/2025
SKU10528,FreshMart Max Pack 528,Household,PureLife,1822.62,2088.84,04/11/2019
SKU10529,UrbanHome Classic Bottle 529,Household,PureLife,97.02,66.94,09/04/2023
SKU10530,FreshMart Premium Unit 530,Electronics,DailyChoice,2256.25,1213.07,18/01/2024
SKU10531,PureLife Everyday Box 531,Groceries,GoodBuy,2064.05,1079.54,11/10/2021
SKU10532,TechPlus Max Unit 532,Personal Care,ValueMax,692.25,553.8,02/04/2022
SKU10533,ValueMax Max Pack 533,Dairy,PrimeSelect,1221.62,3160.82,05/10/2023
SKU10534,HomePro Classic Pack 534,Home & Kitchen,HomePro,784.21,1027.65,12/02/2022
SKU10535,DailyChoice Premium Box 535,Dairy,FreshMart,2268.47,629.33,08/09/2021
SKU10536,UrbanHome Everyday Box 536,Electronics,PureLife,969.39,3411.75,24/12/2022
SKU10537,HomePro Everyday Box 537,Dairy,HomePro,1002.21,1550.28,02/07/2024
SKU10538,DailyChoice Premium Set 538,Dairy,HomePro,2281.54,760.61,03/12/2019
SKU10539,FreshMart Plus Unit 539,Dairy,HomePro,1509.72,3012.3,24/12/2024
SKU10540,HomePro Premium Pack 540,Household,PureLife,361.92,2638.98,15/05/2020
SKU10541,TechPlus Classic Pack 541,Groceries,FreshMart,1572.52,3782.84,02/09/2019
SKU10542,PrimeSelect Max Box 542,Office Supplies,UrbanHome,1990.23,3514.85,27/03/2020
SKU10543,DailyChoice Premium Set 543,Office Supplies,FreshMart,857.85,2786.43,31/13/2022
SKU10544,SmartChoice Everyday Set 544,Beverages,UrbanHome,1326.97,669.13,07/07/2025
SKU10545,SmartChoice Plus Box 545,Beverages,PureLife,1574.57,1948.23,30/12/2020
SKU10546,UrbanHome Max Set 546,Household,PrimeSelect,1285.83,501.59,16/04/2024
SKU10547,HomePro Premium Unit 547,Frozen Foods,DailyChoice,2497.83,2211.11,01/04/2020
SKU10548,FreshMart Premium Box 548,Beverages,HomePro,1276.85,3669.63,15/08/2022
SKU10549,TechPlus Everyday Unit 549,Home & Kitchen,SmartChoice,1615.57,45.18,30/11/2021
SKU10550,HomePro Max Set 550,Frozen Foods,ValueMax,1988.1,3507.78,07/07/2023
SKU10551,GoodBuy Classic Unit 551,Dairy,GoodBuy,358.73,2171.09,07/10/2025
SKU10552,FreshMart Plus Box 552,Snacks,PrimeSelect,128.9,630.46,13/06/2023
SKU10553,DailyChoice Everyday Unit 553,Snacks,PrimeSelect,2433.01,3427.79,21/10/2023
SKU10554,FreshMart Premium Set 554,Beverages,ValueMax,1836,2161.48,17/10/2020
SKU10555,TechPlus Max Box 555,Frozen Foods,GoodBuy,995.34,1809.22,01/11/2019
SKU10556,DailyChoice Classic Pack 556,Home & Kitchen,GoodBuy,63.82,2013.88,05/08/2019
SKU10557,SmartChoice Classic Box 557,Office Supplies,PureLife,432.67,615.07,20/01/2021
SKU10558,PureLife Everyday Pack 558,Beverages,SmartChoice,44.17,477.57,19/10/2022
SKU10559,GoodBuy Premium Pack 559,Groceries,GoodBuy,1003.21,2656.38,01/06/2019
SKU10560,DailyChoice Plus Unit 560,Office Supplies,FreshMart,1396.04,3525.24,19/10/2020
SKU10561,GoodBuy Premium Bottle 561,Frozen Foods,DailyChoice,418.25,2787,28/04/2023
SKU10562,HomePro Max Unit 562,Household,PrimeSelect,1606.85,3367.92,23/12/2024
SKU10563,PureLife Premium Bottle 563,Snacks,ValueMax,2386.52,3383.74,09/10/2025
SKU10564,FreshMart Everyday Box 564,Frozen Foods,UrbanHome,2476.32,157.2,13/08/2020
SKU10565,DailyChoice Everyday Set 565,Beverages,UrbanHome,2086.25,3090.69,13/09/2019
SKU10566,PrimeSelect Everyday Set 566,Snacks,UrbanHome,1120.83,3095.21,03/12/2022
SKU10567,FreshMart Max Bottle 567,Snacks,PrimeSelect,1377.58,1419.41,03/06/2025
SKU10568,DailyChoice Premium Pack 568,Beverages,SmartChoice,1268.2,1657.1,16/11/2021
SKU10569,HomePro Max Pack 569,Electronics,PureLife,406.05,2989.6,10/03/2025
SKU10570,PureLife Everyday Set 570,Dairy,HomePro,2138.95,3946.62,01/02/2024
SKU10571,GoodBuy Premium Bottle 571,Groceries,TechPlus,1695.96,3951.67,24/02/2025
SKU10572,HomePro Plus Unit 572,Groceries,PrimeSelect,1602.08,1911.16,04/07/2025
SKU10573,UrbanHome Everyday Set 573,Snacks,FreshMart,566.42,3164.52,26/09/2019
SKU10574,GoodBuy Classic Pack 574,Frozen Foods,FreshMart,399.84,1880.26,25/10/2021
SKU10575,GoodBuy Classic Bottle 575,Beverages,SmartChoice,2185.11,3467.86,05/05/2019
SKU10576,ValueMax Premium Pack 576,Dairy,PrimeSelect,464.95,2609.42,21/04/2019
SKU10577,HomePro Everyday Box 577,Office Supplies,PrimeSelect,202.82,3748.46,02/04/2022
SKU10578,GoodBuy Classic Bottle 578,Dairy,DailyChoice,1571.5,3989.04,12/07/2023
SKU10579,HomePro Classic Unit 579,Beverages,GoodBuy,1766.77,1340.85,24/01/2025
SKU10580,ValueMax Plus Bottle 580,Snacks,TechPlus,316.66,3917.92,19/11/2019
SKU10581,FreshMart Premium Unit 581,Office Supplies,PrimeSelect,533.01,2779.28,25/03/2019
SKU10582,SmartChoice Premium Pack 582,Dairy,SmartChoice,1976.13,975.2,19/09/2019
SKU10583,FreshMart Plus Bottle 583,Dairy,FreshMart,2325.37,42.35,05/05/2025
SKU10584,PureLife Classic Bottle 584,Dairy,UrbanHome,1201.69,2744.84,12/07/2023
SKU10585,HomePro Everyday Bottle 585,Frozen Foods,PrimeSelect,1984.17,912.85,18/04/2022
SKU10586,PureLife Premium Unit 586,Frozen Foods,TechPlus,812.11,948.57,15/09/2019
SKU10587,PrimeSelect Classic Box 587,Frozen Foods,SmartChoice,1764.02,2222.11,16/07/2021
SKU10588,GoodBuy Plus Unit 588,Beverages,DailyChoice,1401.91,152.78,18/11/2019
SKU10589,HomePro Everyday Set 589,Dairy,PrimeSelect,2111.16,1682.99,17/03/2019
SKU10590,TechPlus Plus Bottle 590,Frozen Foods,HomePro,1944.23,3203.51,02/01/2022
SKU10591,PureLife Premium Set 591,Electronics,PrimeSelect,724.66,138.22,10/06/2022
SKU10592,SmartChoice Classic Set 592,Beverages,DailyChoice,390.65,2507.05,04/02/2022
SKU10593,DailyChoice Plus Pack 593,Dairy,ValueMax,2022.99,658.77,18/12/2024
SKU10594,TechPlus Max Bottle 594,Frozen Foods,PureLife,101.33,3455.47,03/04/2025
SKU10595,SmartChoice Premium Pack 595,Frozen Foods,HomePro,1704.02,1581.03,01/11/2019
SKU10596,DailyChoice Classic Set 596,Personal Care,SmartChoice,1200.27,3254.13,21/11/2020
SKU10597,SmartChoice Classic Bottle 597,Snacks,PrimeSelect,206.74,165.39,06/06/2022
SKU10598,PureLife Plus Set 598,Beverages,TechPlus,1727.63,3515.01,29/09/2021
SKU10599,PureLife Everyday Bottle 599,Dairy,HomePro,1217.53,2081.93,25/12/2021
SKU10600,TechPlus Classic Unit 600,Home & Kitchen,PureLife,2153.05,1959.87,04/11/2023
SKU10262,UrbanHome Everyday Pack 262,Office Supplies,TechPlus,1818.14,1994.77,08/10/2025
SKU10133,DailyChoice Plus Pack 133,Groceries,GoodBuy,1574.7,498.98,25/01/2023
SKU10576,ValueMax Premium Pack 576,Dairy,PrimeSelect,464.95,2609.42,21/04/2019
SKU10455,PureLife Plus Bottle 455,Office Supplies,UrbanHome,1741.84,3954.05,24/04/2022
SKU10338,FreshMart Classic Pack 338,Snacks,FreshMart,399.49,1957.15,19/10/2024
SKU10581,FreshMart Premium Unit 581,Office Supplies,PrimeSelect,533.01,2779.28,25/03/2019
SKU10317,SmartChoice Plus Pack 317,Electronics,DailyChoice,241.46,1855.42,11/06/2022
SKU10440,GoodBuy Classic Set 440,Beverages,GoodBuy,1161.92,607.78,19/03/2019
SKU10054,PrimeSelect Premium Unit 54,Groceries,GoodBuy,258.14,50.63,11/10/2025
SKU10398,ValueMax Plus Box 398,Beverages,DailyChoice,1677.62,3836.83,02/08/2022
SKU10061,SmartChoice Plus Bottle 61,Personal Care,TechPlus,1060.39,1261.63,19/05/2019
SKU10586,PureLife Premium Unit 586,Frozen Foods,TechPlus,812.11,948.57,15/09/2019
SKU10497,PrimeSelect Everyday Unit 497,Dairy,GoodBuy,2295.02,1077.11,11/01/2020
SKU10273,TechPlus Premium Set 273,Beverages,DailyChoice,2078.47,3778.55,07/05/2021
SKU10279,HomePro Premium Box 279,Groceries,TechPlus,2051.24,613.7,23/07/2022
SKU10278,PureLife Classic Box 278,Frozen Foods,SmartChoice,1487.52,1742.28,05/08/2024
SKU10405,TechPlus Max Bottle 405,Personal Care,GoodBuy,1341.49,2360.31,09/12/2023
SKU10355,GoodBuy Everyday Bottle 355,Beverages,TechPlus,2436.94,564.75,23/12/2021
SKU10370,HomePro Plus Pack 370,Electronics,PrimeSelect,542.68,434.14,12/02/2023
SKU10307,DailyChoice Plus Unit 307,Beverages,GoodBuy,543.44,1951.43,17/12/2024
